,ZCTA,Unnamed: 0,Unnamed: 0.1,Unnamed: 0.1.1,Unnamed: 0.1.1.1,Unnamed: 0.1.1.1.1,Unnamed: 0.1.1.1.1.1,Unnamed: 0.1.1.1.1.1.1,Unnamed: 0.1.1.1.1.1.1.1,zip_code_ta,Population,Sample Count,Black or Black and other race,White,Median Income,Median Family Income In The Past 12 Months,Black alone,Median Age,Housing Units,Average Unit Size,Density (persons per square mile),Confirmed NH/ACF Deaths,Presumed NH/ACF Deaths,NH/ACF Deaths
0,10001,0.0,0.0,0.0,0.0,0.0,0.0,0.0,0.0,10001.0,22924.0,1500.0,1687.0,14422.0,62349.0,113382.0,1413.0,36.7,12431.0,1.8440994288472368,34368.078180000004,0,0,0
1,10002,1.0,1.0,1.0,1.0,1.0,1.0,1.0,1.0,10002.0,74993.0,4100.0,7645.0,24168.0,20295.0,40487.0,6283.0,43.6,33540.0,2.2359272510435297,92722.09567,21,4,25
2,10003,2.0,2.0,2.0,2.0,2.0,2.0,2.0,2.0,10003.0,54682.0,3600.0,3491.0,41511.0,68414.0,181132.0,3178.0,32.3,26124.0,2.093171030470066,97263.88889,0,0,0
3,10004,3.0,3.0,3.0,3.0,3.0,3.0,3.0,3.0,10004.0,3028.0,250.0,67.0,1902.0,105452.0,201761.0,51.0,37.1,1659.0,1.8251959011452683,5516.071429,0,0,0
4,10005,4.0,4.0,4.0,4.0,4.0,4.0,4.0,4.0,10005.0,8831.0,450.0,327.0,6484.0,95137.0,235700.0,221.0,30.1,4374.0,2.0189757658893464,100492.9577,0,0,0
5,10006,5.0,5.0,5.0,5.0,5.0,5.0,5.0,5.0,10006.0,3454.0,200.0,71.0,2411.0,99718.0,200859.0,36.0,31.8,1794.0,1.9253065774804905,32728.26087,0,0,0
6,10007,6.0,6.0,6.0,6.0,6.0,6.0,6.0,6.0,10007.0,7023.0,400.0,387.0,5421.0,107138.0,250001.0,332.0,36.0,2731.0,2.571585499816917,43135.80247,0,0,0
7,10009,7.0,7.0,7.0,7.0,7.0,7.0,7.0,7.0,10009.0,57925.0,2400.0,6539.0,35817.0,44302.0,62844.0,5431.0,37.1,29728.0,1.9484997308934335,99427.87682,0,0,0
8,10010,8.0,8.0,8.0,8.0,8.0,8.0,8.0,8.0,10010.0,33730.0,1600.0,2108.0,24684.0,78566.0,213813.0,1784.0,34.7,16390.0,2.057962172056132,81625.64103,0,0,0
9,10011,9.0,9.0,9.0,9.0,9.0,9.0,9.0,9.0,10011.0,50472.0,2300.0,3582.0,40331.0,83012.0,215417.0,2819.0,40.6,29128.0,1.7327657237022795,77131.61876,0,0,0
10,10012,10.0,10.0,10.0,10.0,10.0,10.0,10.0,10.0,10012.0,23411.0,1500.0,977.0,17411.0,73118.0,158730.0,651.0,33.9,12041.0,1.9442737314176564,74582.04334,0,0,0
11,10013,11.0,11.0,11.0,11.0,11.0,11.0,11.0,11.0,10013.0,28709.0,1800.0,1546.0,15961.0,51061.0,136146.0,1260.0,38.0,11986.0,2.3952110795928583,50363.63636,0,0,0
12,10014,12.0,12.0,12.0,12.0,12.0,12.0,12.0,12.0,10014.0,30738.0,1600.0,529.0,27314.0,83793.0,201452.0,336.0,38.3,18229.0,1.6862142739590762,58107.27273,2,0,2
13,10016,13.0,13.0,13.0,13.0,13.0,13.0,13.0,13.0,10016.0,51057.0,2100.0,2744.0,36727.0,79903.0,200054.0,1929.0,33.5,28916.0,1.7657006501590815,101847.7444,0,0,0
14,10017,14.0,14.0,14.0,14.0,14.0,14.0,14.0,14.0,10017.0,15801.0,650.0,478.0,11683.0,84724.0,201087.0,370.0,39.7,9905.0,1.5952549217566885,52287.06625,0,0,0
15,10018,15.0,15.0,15.0,15.0,15.0,15.0,15.0,15.0,10018.0,9687.0,650.0,561.0,5791.0,75387.0,143512.0,466.0,32.8,5095.0,1.9012757605495585,16239.13043,0,0,0
16,10019,16.0,16.0,16.0,16.0,16.0,16.0,16.0,16.0,10019.0,43703.0,2100.0,3144.0,29663.0,68093.0,162666.0,2553.0,39.5,25428.0,1.7186959257511405,62401.74672,0,0,0
17,10020,17.0,17.0,17.0,17.0,17.0,17.0,17.0,17.0,10020.0,0.0,0.0,0.0,0.0,-666666666.0,-666666666.0,0.0,-666666666.0,0.0,,0.0,0,0,0
18,10021,18.0,18.0,18.0,18.0,18.0,18.0,18.0,18.0,10021.0,46215.0,1400.0,681.0,38017.0,83930.0,233328.0,420.0,41.0,24996.0,1.848895823331733,115121.372,34,4,38
19,10022,19.0,19.0,19.0,19.0,19.0,19.0,19.0,19.0,10022.0,31125.0,1500.0,732.0,26028.0,91794.0,250001.0,448.0,47.5,18049.0,1.7244722699318522,74588.78505,0,0,0
20,10023,20.0,20.0,20.0,20.0,20.0,20.0,20.0,20.0,10023.0,62435.0,2400.0,3088.0,49795.0,86604.0,219667.0,2610.0,43.3,33693.0,1.853055530822426,124232.1792,0,0,0
21,10024,21.0,21.0,21.0,21.0,21.0,21.0,21.0,21.0,10024.0,59001.0,2300.0,2744.0,49026.0,75606.0,221774.0,2287.0,43.1,28751.0,2.052137316962888,69094.40559,46,23,69
22,10025,22.0,22.0,22.0,22.0,22.0,22.0,22.0,22.0,10025.0,92805.0,4000.0,14041.0,59985.0,49192.0,132719.0,11737.0,41.3,41910.0,2.2143879742304944,125797.8723,59,57,116
23,10026,23.0,23.0,23.0,23.0,23.0,23.0,23.0,23.0,10026.0,39363.0,2100.0,22257.0,10410.0,35334.0,60513.0,21023.0,35.1,15458.0,2.546448440936732,102418.6747,0,0,0
24,10027,24.0,24.0,24.0,24.0,24.0,24.0,24.0,24.0,10027.0,64548.0,4300.0,26969.0,19706.0,29146.0,54083.0,25484.0,31.0,23811.0,2.7108479274285,68707.71001,0,0,0
25,10028,25.0,25.0,25.0,25.0,25.0,25.0,25.0,25.0,10028.0,47793.0,2100.0,881.0,41217.0,79134.0,236313.0,604.0,38.9,25318.0,1.8877083497906628,144220.4473,0,0,0
26,10029,26.0,26.0,26.0,26.0,26.0,26.0,26.0,26.0,10029.0,79597.0,4000.0,25714.0,26896.0,20002.0,39282.0,24699.0,35.1,31690.0,2.5117387188387506,93599.75369,25,9,34
27,10030,27.0,27.0,27.0,27.0,27.0,27.0,27.0,27.0,10030.0,29882.0,1300.0,20149.0,5038.0,24046.0,49595.0,18842.0,36.1,12736.0,2.3462625628140703,96770.60932,0,0,0
28,10031,28.0,28.0,28.0,28.0,28.0,28.0,28.0,28.0,10031.0,60254.0,2500.0,26486.0,17917.0,25155.0,50820.0,17982.0,34.2,21959.0,2.7439318730361126,86961.4792,0,0,0
29,10032,29.0,29.0,29.0,29.0,29.0,29.0,29.0,29.0,10032.0,64264.0,2800.0,14433.0,19122.0,22186.0,54404.0,12373.0,34.7,21222.0,3.0281783055319957,87394.81707,0,0,0
30,10033,30.0,30.0,30.0,30.0,30.0,30.0,30.0,30.0,10033.0,59607.0,2800.0,8637.0,24141.0,24878.0,59913.0,6195.0,35.8,19652.0,3.0331263993486672,90177.25753,0,0,0
31,10034,31.0,31.0,31.0,31.0,31.0,31.0,31.0,31.0,10034.0,42910.0,2100.0,5989.0,16463.0,25312.0,55665.0,4965.0,36.4,16095.0,2.666045355700528,35728.191,0,0,0
32,10035,32.0,32.0,32.0,32.0,32.0,32.0,32.0,32.0,10035.0,35743.0,2100.0,15618.0,7246.0,18718.0,36792.0,14580.0,36.3,14428.0,2.477335736068756,23972.47706,12,12,24
33,10036,33.0,33.0,33.0,33.0,33.0,33.0,33.0,33.0,10036.0,27428.0,1300.0,2326.0,17319.0,61935.0,151935.0,1978.0,36.7,16183.0,1.6948649817709942,56034.01361,0,0,0
34,10037,34.0,34.0,34.0,34.0,34.0,34.0,34.0,34.0,10037.0,21139.0,950.0,15990.0,2291.0,30791.0,46132.0,15206.0,35.3,9731.0,2.172335833932792,67766.53696,3,29,32
35,10038,35.0,35.0,35.0,35.0,35.0,35.0,35.0,35.0,10038.0,22800.0,1400.0,2461.0,11784.0,51233.0,87261.0,2128.0,36.2,10210.0,2.2331047992164543,67666.66667,0,0,0
36,10039,36.0,36.0,36.0,36.0,36.0,36.0,36.0,36.0,10039.0,27726.0,1200.0,18406.0,3625.0,23456.0,44213.0,17158.0,33.7,11210.0,2.473327386262266,55997.71689,0,0,0
37,10040,37.0,37.0,37.0,37.0,37.0,37.0,37.0,37.0,10040.0,44571.0,2200.0,6355.0,16091.0,22343.0,52870.0,4359.0,37.4,16181.0,2.7545269142821827,110567.2823,37,48,85
38,10044,38.0,38.0,38.0,38.0,38.0,38.0,38.0,38.0,10044.0,11682.0,650.0,1541.0,5320.0,54798.0,125625.0,1420.0,42.2,4748.0,2.4604043807919123,50921.39738,13,1,14
39,10065,39.0,39.0,39.0,39.0,39.0,39.0,39.0,39.0,10065.0,28109.0,1500.0,662.0,24285.0,81125.0,228333.0,619.0,39.8,14844.0,1.8936270547022367,84476.43979,0,0,0
40,10069,40.0,40.0,40.0,40.0,40.0,40.0,40.0,40.0,10069.0,5085.0,200.0,197.0,3155.0,95592.0,179803.0,148.0,36.0,2552.0,1.9925548589341693,55308.51064,0,0,0
41,10075,41.0,41.0,41.0,41.0,41.0,41.0,41.0,41.0,10075.0,21556.0,600.0,743.0,18396.0,73626.0,176707.0,677.0,45.0,11035.0,1.9534209333937471,141961.9565,8,3,11
42,10103,42.0,42.0,42.0,42.0,42.0,42.0,42.0,42.0,10103.0,0.0,0.0,0.0,0.0,-666666666.0,-666666666.0,0.0,-666666666.0,0.0,,300.0,0,0,0
43,10110,43.0,43.0,43.0,43.0,43.0,43.0,43.0,43.0,10110.0,0.0,0.0,0.0,0.0,-666666666.0,-666666666.0,0.0,-666666666.0,0.0,,0.0,0,0,0
44,10111,44.0,44.0,44.0,44.0,44.0,44.0,44.0,44.0,10111.0,0.0,0.0,0.0,0.0,-666666666.0,-666666666.0,0.0,-666666666.0,0.0,,0.0,0,0,0
45,10112,45.0,45.0,45.0,45.0,45.0,45.0,45.0,45.0,10112.0,0.0,0.0,0.0,0.0,-666666666.0,-666666666.0,0.0,-666666666.0,0.0,,0.0,0,0,0
46,10115,46.0,46.0,46.0,46.0,46.0,46.0,46.0,46.0,10115.0,0.0,0.0,0.0,0.0,-666666666.0,-666666666.0,0.0,-666666666.0,0.0,,0.0,0,0,0
47,10119,47.0,47.0,47.0,47.0,47.0,47.0,47.0,47.0,10119.0,0.0,0.0,0.0,0.0,-666666666.0,-666666666.0,0.0,-666666666.0,0.0,,5750.0,0,0,0
48,10128,48.0,48.0,48.0,48.0,48.0,48.0,48.0,48.0,10128.0,59256.0,2800.0,2808.0,47167.0,71120.0,197813.0,2182.0,39.5,30691.0,1.9307288781727543,130006.4516,0,0,0
49,10152,49.0,49.0,49.0,49.0,49.0,49.0,49.0,49.0,10152.0,0.0,0.0,0.0,0.0,-666666666.0,-666666666.0,0.0,-666666666.0,0.0,,0.0,0,0,0
50,10153,50.0,50.0,50.0,50.0,50.0,50.0,50.0,50.0,10153.0,0.0,0.0,0.0,0.0,-666666666.0,-666666666.0,0.0,-666666666.0,0.0,,0.0,0,0,0
51,10154,51.0,51.0,51.0,51.0,51.0,51.0,51.0,51.0,10154.0,0.0,0.0,0.0,0.0,-666666666.0,-666666666.0,0.0,-666666666.0,0.0,,0.0,0,0,0
52,10162,52.0,52.0,52.0,52.0,52.0,52.0,52.0,52.0,10162.0,1584.0,40.0,0.0,1457.0,112011.0,250001.0,0.0,38.7,741.0,2.1376518218623484,140416.6667,0,0,0
53,10165,53.0,53.0,53.0,53.0,53.0,53.0,53.0,53.0,10165.0,0.0,0.0,0.0,0.0,-666666666.0,-666666666.0,0.0,-666666666.0,0.0,,400.0,0,0,0
54,10167,54.0,54.0,54.0,54.0,54.0,54.0,54.0,54.0,10167.0,0.0,0.0,0.0,0.0,-666666666.0,-666666666.0,0.0,-666666666.0,0.0,,0.0,0,0,0
55,10168,55.0,55.0,55.0,55.0,55.0,55.0,55.0,55.0,10168.0,0.0,0.0,0.0,0.0,-666666666.0,-666666666.0,0.0,-666666666.0,0.0,,0.0,0,0,0
56,10169,56.0,56.0,56.0,56.0,56.0,56.0,56.0,56.0,10169.0,0.0,0.0,0.0,0.0,-666666666.0,-666666666.0,0.0,-666666666.0,0.0,,0.0,0,0,0
57,10170,57.0,57.0,57.0,57.0,57.0,57.0,57.0,57.0,10170.0,0.0,0.0,0.0,0.0,-666666666.0,-666666666.0,0.0,-666666666.0,0.0,,200.0,0,0,0
58,10171,58.0,58.0,58.0,58.0,58.0,58.0,58.0,58.0,10171.0,0.0,0.0,0.0,0.0,-666666666.0,-666666666.0,0.0,-666666666.0,0.0,,0.0,0,0,0
59,10172,59.0,59.0,59.0,59.0,59.0,59.0,59.0,59.0,10172.0,0.0,0.0,0.0,0.0,-666666666.0,-666666666.0,0.0,-666666666.0,0.0,,0.0,0,0,0
60,10173,60.0,60.0,60.0,60.0,60.0,60.0,60.0,60.0,10173.0,0.0,0.0,0.0,0.0,-666666666.0,-666666666.0,0.0,-666666666.0,0.0,,400.0,0,0,0
61,10174,61.0,61.0,61.0,61.0,61.0,61.0,61.0,61.0,10174.0,0.0,0.0,0.0,0.0,-666666666.0,-666666666.0,0.0,-666666666.0,0.0,,0.0,0,0,0
62,10177,62.0,62.0,62.0,62.0,62.0,62.0,62.0,62.0,10177.0,0.0,0.0,0.0,0.0,-666666666.0,-666666666.0,0.0,-666666666.0,0.0,,0.0,0,0,0
63,10199,63.0,63.0,63.0,63.0,63.0,63.0,63.0,63.0,10199.0,148.0,,0.0,70.0,-666666666.0,-666666666.0,0.0,23.6,55.0,2.6909090909090905,346.1538462,0,0,0
64,10271,64.0,64.0,64.0,64.0,64.0,64.0,64.0,64.0,10271.0,0.0,0.0,0.0,0.0,-666666666.0,-666666666.0,0.0,-666666666.0,0.0,,0.0,0,0,0
65,10278,65.0,65.0,65.0,65.0,65.0,65.0,65.0,65.0,10278.0,0.0,0.0,0.0,0.0,-666666666.0,-666666666.0,0.0,-666666666.0,0.0,,0.0,0,0,0
66,10279,66.0,66.0,66.0,66.0,66.0,66.0,66.0,66.0,10279.0,43.0,,0.0,43.0,-666666666.0,-666666666.0,0.0,-666666666.0,18.0,2.3888888888888893,0.0,0,0,0
67,10280,67.0,67.0,67.0,67.0,67.0,67.0,67.0,67.0,10280.0,9384.0,450.0,330.0,7360.0,105321.0,212279.0,184.0,38.1,4560.0,2.057894736842105,63330.64516,0,0,0
68,10282,68.0,68.0,68.0,68.0,68.0,68.0,68.0,68.0,10282.0,5593.0,300.0,61.0,4153.0,147538.0,250001.0,61.0,35.3,2231.0,2.5069475571492603,69318.84057999999,0,0,0
69,10301,69.0,69.0,69.0,69.0,69.0,69.0,69.0,69.0,10301.0,38733.0,3200.0,11640.0,22280.0,30868.0,74412.0,9668.0,38.2,14489.0,2.673269376768583,10819.07357,9,60,69
70,10302,70.0,70.0,70.0,70.0,70.0,70.0,70.0,70.0,10302.0,18204.0,1300.0,4029.0,11286.0,32679.0,85781.0,3754.0,34.9,6149.0,2.9604813790860303,15986.59966,0,0,0
71,10303,71.0,71.0,71.0,71.0,71.0,71.0,71.0,71.0,10303.0,25947.0,1800.0,9784.0,11406.0,30820.0,67360.0,9170.0,33.1,8156.0,3.1813388916135357,8395.600893,0,0,0
72,10304,72.0,72.0,72.0,72.0,72.0,72.0,72.0,72.0,10304.0,41064.0,2400.0,11936.0,21403.0,28509.0,73592.0,11277.0,38.1,14172.0,2.897544453852668,10888.51613,62,36,98
73,10305,73.0,73.0,73.0,73.0,73.0,73.0,73.0,73.0,10305.0,42298.0,3100.0,3239.0,31174.0,36477.0,89040.0,2770.0,39.5,14663.0,2.884675714383141,9818.673565,0,0,0
74,10306,74.0,74.0,74.0,74.0,74.0,74.0,74.0,74.0,10306.0,53142.0,3800.0,2597.0,45560.0,38658.0,93895.0,1775.0,43.9,20007.0,2.6561703403808665,7481.466613,1,29,30
75,10307,75.0,75.0,75.0,75.0,75.0,75.0,75.0,75.0,10307.0,15232.0,1000.0,56.0,14284.0,44603.0,98897.0,56.0,39.7,5314.0,2.866390666164848,7184.505606999999,0,0,0
76,10308,76.0,76.0,76.0,76.0,76.0,76.0,76.0,76.0,10308.0,30186.0,1900.0,439.0,27810.0,44360.0,104497.0,339.0,42.9,10648.0,2.8348985725018783,13865.686769999998,0,0,0
77,10309,77.0,77.0,77.0,77.0,77.0,77.0,77.0,77.0,10309.0,33531.0,1800.0,313.0,30789.0,44599.0,114083.0,293.0,40.5,11464.0,2.9248953244940683,4839.8571219999985,0,0,0
78,10310,78.0,78.0,78.0,78.0,78.0,78.0,78.0,78.0,10310.0,23262.0,2100.0,5401.0,13731.0,37543.0,83775.0,4844.0,38.8,8346.0,2.7872034507548524,13906.40669,0,0,0
79,10311,79.0,79.0,79.0,79.0,79.0,79.0,79.0,79.0,10311.0,0.0,0.0,0.0,0.0,-666666666.0,-666666666.0,0.0,-666666666.0,0.0,,0.0,0,0,0
80,10312,80.0,80.0,80.0,80.0,80.0,80.0,80.0,80.0,10312.0,61741.0,4400.0,1046.0,56226.0,42198.0,107874.0,793.0,41.6,21382.0,2.887522214947152,7720.869678,0,0,0
81,10314,81.0,81.0,81.0,81.0,81.0,81.0,81.0,81.0,10314.0,90761.0,6400.0,4427.0,66310.0,39054.0,101501.0,3852.0,40.8,31362.0,2.893979975766852,6239.784005,38,49,87
82,10451,82.0,82.0,82.0,82.0,82.0,82.0,82.0,82.0,10451.0,47798.0,2500.0,20867.0,5972.0,19450.0,34974.0,19379.0,34.1,19123.0,2.4995032160225907,44381.5534,0,0,0
83,10452,83.0,83.0,83.0,83.0,83.0,83.0,83.0,83.0,10452.0,76078.0,3800.0,27616.0,9592.0,17669.0,31631.0,25249.0,31.6,26126.0,2.911965092245273,76209.30232999999,0,0,0
84,10453,84.0,84.0,84.0,84.0,84.0,84.0,84.0,84.0,10453.0,79606.0,4800.0,27063.0,6841.0,16571.0,29433.0,25826.0,30.4,27266.0,2.9196068363529672,85490.17467000001,0,0,0
85,10454,85.0,85.0,85.0,85.0,85.0,85.0,85.0,85.0,10454.0,38203.0,2300.0,12941.0,5040.0,15778.0,27006.0,12109.0,29.6,13167.0,2.9014202172096915,35660.936010000005,0,0,0
86,10455,86.0,86.0,86.0,86.0,86.0,86.0,86.0,86.0,10455.0,42283.0,2600.0,13540.0,5221.0,17440.0,31884.0,12809.0,30.6,14401.0,2.9361155475314216,55709.26966000001,0,0,0
87,10456,87.0,87.0,87.0,87.0,87.0,87.0,87.0,87.0,10456.0,94218.0,4900.0,42254.0,10146.0,16558.0,32881.0,40069.0,30.9,30774.0,3.0616104503801913,85016.69941,17,29,46
88,10457,88.0,88.0,88.0,88.0,88.0,88.0,88.0,88.0,10457.0,74554.0,4900.0,31654.0,11452.0,16871.0,33299.0,29962.0,29.8,24634.0,3.0264674839652512,66442.97832000001,6,14,20
89,10458,89.0,89.0,89.0,89.0,89.0,89.0,89.0,89.0,10458.0,83960.0,4700.0,18960.0,14887.0,17907.0,36850.0,16690.0,29.0,27282.0,3.077486987757496,78782.95342,0,0,0
90,10459,90.0,90.0,90.0,90.0,90.0,90.0,90.0,90.0,10459.0,48351.0,3400.0,17790.0,5615.0,18458.0,34086.0,16650.0,31.3,16382.0,2.951471126846539,57692.68293,22,0,22
91,10460,91.0,91.0,91.0,91.0,91.0,91.0,91.0,91.0,10460.0,59505.0,3500.0,19091.0,9370.0,16160.0,30654.0,18035.0,31.6,20443.0,2.9107763048476247,43582.50951,0,0,0
92,10461,92.0,92.0,92.0,92.0,92.0,92.0,92.0,92.0,10461.0,50348.0,3700.0,5908.0,24270.0,31097.0,65385.0,4714.0,37.8,18927.0,2.6601151793733817,21068.83605,10,11,21
93,10462,93.0,93.0,93.0,93.0,93.0,93.0,93.0,93.0,10462.0,76756.0,5300.0,23923.0,17796.0,28300.0,57511.0,21705.0,36.3,29543.0,2.598111227701993,51448.74406000001,4,19,23
94,10463,94.0,94.0,94.0,94.0,94.0,94.0,94.0,94.0,10463.0,71360.0,4500.0,13003.0,32109.0,30734.0,67780.0,10764.0,39.8,28682.0,2.4879715501011086,46908.21256,51,127,178
95,10464,95.0,95.0,95.0,95.0,95.0,95.0,95.0,95.0,10464.0,4434.0,250.0,119.0,3495.0,55443.0,131667.0,119.0,44.9,1893.0,2.342313787638669,1295.058555,0,0,0
96,10465,96.0,96.0,96.0,96.0,96.0,96.0,96.0,96.0,10465.0,44205.0,3400.0,6201.0,26656.0,36085.0,93767.0,5638.0,41.5,15994.0,2.7638489433537576,12333.52804,12,44,56
97,10466,97.0,97.0,97.0,97.0,97.0,97.0,97.0,97.0,10466.0,72479.0,4200.0,54368.0,8034.0,26846.0,61668.0,52974.0,36.6,23704.0,3.0576695916301047,33654.09429,6,16,22
98,10467,98.0,98.0,98.0,98.0,98.0,98.0,98.0,98.0,10467.0,103732.0,5600.0,38921.0,23469.0,21666.0,41726.0,36599.0,33.7,36732.0,2.8240226505499293,41478.63248,20,53,73
99,10468,99.0,99.0,99.0,99.0,99.0,99.0,99.0,99.0,10468.0,78647.0,4200.0,18087.0,9933.0,19907.0,40582.0,16529.0,32.2,26338.0,2.9860657604981395,71124.29907000001,22,51,73
100,10469,100.0,100.0,100.0,100.0,100.0,100.0,100.0,100.0,10469.0,73870.0,5100.0,41477.0,13892.0,29338.0,73976.0,40103.0,40.2,22450.0,3.2904231625835187,26954.28803,79,65,144
101,10470,101.0,101.0,101.0,101.0,101.0,101.0,101.0,101.0,10470.0,15432.0,1400.0,6227.0,6572.0,31247.0,67576.0,6027.0,40.5,6076.0,2.5398288347597098,10716.88858,0,0,0
102,10471,102.0,102.0,102.0,102.0,102.0,102.0,102.0,102.0,10471.0,21896.0,2000.0,2919.0,15033.0,41965.0,110615.0,2583.0,44.9,8598.0,2.546638753198418,8919.066148,36,10,46
103,10472,103.0,103.0,103.0,103.0,103.0,103.0,103.0,103.0,10472.0,68796.0,4100.0,20150.0,10270.0,17990.0,35936.0,18821.0,32.1,21887.0,3.143235710695847,63077.94677,5,13,18
104,10473,104.0,104.0,104.0,104.0,104.0,104.0,104.0,104.0,10473.0,59609.0,3200.0,25936.0,22362.0,24379.0,50481.0,24533.0,36.1,20935.0,2.8473369954621446,26855.8972,3,0,3
105,10474,105.0,105.0,105.0,105.0,105.0,105.0,105.0,105.0,10474.0,12127.0,800.0,5151.0,1118.0,15928.0,30016.0,4782.0,30.2,3488.0,3.47677752293578,7974.675325,0,0,0
106,10475,106.0,106.0,106.0,106.0,106.0,106.0,106.0,106.0,10475.0,43208.0,1100.0,28010.0,7682.0,31610.0,63540.0,26281.0,45.0,18759.0,2.303321072551842,23645.86944,5,4,9
107,11001,107.0,107.0,107.0,107.0,107.0,107.0,107.0,107.0,11001.0,27867.0,3100.0,1657.0,19036.0,45805.0,128906.0,1511.0,43.0,9144.0,3.04757217847769,12076.81941,0,0,0
108,11003,108.0,108.0,108.0,108.0,108.0,108.0,108.0,108.0,11003.0,45263.0,2800.0,22706.0,9578.0,35456.0,102700.0,21333.0,38.7,12256.0,3.693129895561358,9982.138547,0,0,0
109,11004,109.0,109.0,109.0,109.0,109.0,109.0,109.0,109.0,11004.0,15234.0,1000.0,1198.0,6402.0,40751.0,106834.0,1005.0,44.4,5178.0,2.9420625724217846,14738.17035,5,5,10
110,11005,110.0,110.0,110.0,110.0,110.0,110.0,110.0,110.0,11005.0,1749.0,100.0,0.0,1726.0,40840.0,103208.0,0.0,81.5,1271.0,1.3760818253343825,9815.217391,0,0,0
111,11040,111.0,111.0,111.0,111.0,111.0,111.0,111.0,111.0,11040.0,41877.0,3500.0,839.0,20645.0,47579.0,136496.0,687.0,43.8,12876.0,3.25232991612302,8526.447836,82,0,82
112,11101,112.0,112.0,112.0,112.0,112.0,112.0,112.0,112.0,11101.0,30043.0,2200.0,5395.0,12915.0,40222.0,68840.0,4713.0,34.1,13169.0,2.2813425468904245,9752.774589,0,0,0
113,11102,113.0,113.0,113.0,113.0,113.0,113.0,113.0,113.0,11102.0,30800.0,2700.0,3375.0,18207.0,37369.0,60821.0,2964.0,33.7,13072.0,2.356181150550796,42243.81188,1,26,27
114,11103,114.0,114.0,114.0,114.0,114.0,114.0,114.0,114.0,11103.0,36140.0,3600.0,1318.0,25632.0,40490.0,76070.0,961.0,33.8,15665.0,2.307053941908713,54542.89732999999,0,0,0
115,11104,115.0,115.0,115.0,115.0,115.0,115.0,115.0,115.0,11104.0,26119.0,1900.0,670.0,17459.0,38229.0,69636.0,490.0,37.8,11619.0,2.2479559342456317,70005.14139,0,0,0
116,11105,116.0,116.0,116.0,116.0,116.0,116.0,116.0,116.0,11105.0,37382.0,3400.0,1308.0,27867.0,40863.0,84246.0,960.0,35.4,15363.0,2.4332487144437933,22480.39216,0,0,0
117,11106,117.0,117.0,117.0,117.0,117.0,117.0,117.0,117.0,11106.0,38363.0,3000.0,3431.0,20734.0,37084.0,67298.0,2727.0,35.5,16992.0,2.2577095103578158,45361.72695,0,0,0
118,11109,118.0,118.0,118.0,118.0,118.0,118.0,118.0,118.0,11109.0,5981.0,250.0,287.0,4013.0,98396.0,194135.0,272.0,32.7,2954.0,2.0247122545700744,88075.0,0,0,0
119,11201,119.0,119.0,119.0,119.0,119.0,119.0,119.0,119.0,11201.0,62823.0,5300.0,10030.0,40248.0,72793.0,168979.0,8537.0,35.2,28067.0,2.2383225852424555,35904.494380000004,30,87,117
120,11203,120.0,120.0,120.0,120.0,120.0,120.0,120.0,120.0,11203.0,75451.0,6800.0,67977.0,3330.0,30301.0,63919.0,67171.0,39.8,27761.0,2.717877598069234,35495.80615,20,51,71
121,11204,121.0,121.0,121.0,121.0,121.0,121.0,121.0,121.0,11204.0,76978.0,7300.0,1118.0,44686.0,22545.0,56168.0,893.0,34.7,23601.0,3.261641455870514,49171.80617,2,1,3
122,11205,122.0,122.0,122.0,122.0,122.0,122.0,122.0,122.0,11205.0,46064.0,3500.0,15686.0,22570.0,29349.0,59314.0,14651.0,29.8,16294.0,2.8270529029090463,42535.30032,0,0,0
123,11206,123.0,123.0,123.0,123.0,123.0,123.0,123.0,123.0,11206.0,88349.0,5700.0,25356.0,41715.0,21869.0,34951.0,23405.0,29.3,31042.0,2.8461117196056955,56957.46165,0,0,0
124,11207,124.0,124.0,124.0,124.0,124.0,124.0,124.0,124.0,11207.0,91972.0,6600.0,60644.0,13372.0,22579.0,47032.0,59171.0,34.1,33240.0,2.7669073405535496,34962.93523,10,23,33
125,11208,125.0,125.0,125.0,125.0,125.0,125.0,125.0,125.0,11208.0,98660.0,6500.0,54888.0,25549.0,27087.0,48487.0,53666.0,32.5,32181.0,3.0657841583543086,27445.96165,5,18,23
126,11209,126.0,126.0,126.0,126.0,126.0,126.0,126.0,126.0,11209.0,67809.0,6200.0,2916.0,50050.0,41450.0,97345.0,2078.0,40.6,29297.0,2.3145373246407477,31846.90102,0,0,0
127,11210,127.0,127.0,127.0,127.0,127.0,127.0,127.0,127.0,11210.0,67040.0,5800.0,40155.0,20877.0,34187.0,75151.0,39272.0,35.6,22267.0,3.0107333722549066,37786.71542,0,0,0
128,11211,128.0,128.0,128.0,128.0,128.0,128.0,128.0,128.0,11211.0,102624.0,6800.0,8084.0,76620.0,40122.0,60044.0,6611.0,30.7,39384.0,2.605728214503352,39215.4047,0,0,0
129,11212,129.0,129.0,129.0,129.0,129.0,129.0,129.0,129.0,11212.0,76527.0,4700.0,63695.0,5487.0,17869.0,40188.0,62425.0,37.6,31454.0,2.432981496788962,54941.48244,26,18,44
130,11213,130.0,130.0,130.0,130.0,130.0,130.0,130.0,130.0,11213.0,66295.0,4500.0,46001.0,14869.0,25107.0,47055.0,44813.0,33.4,25027.0,2.64893914572262,58448.21265,1,6,7
131,11214,131.0,131.0,131.0,131.0,131.0,131.0,131.0,131.0,11214.0,92946.0,7900.0,1660.0,45769.0,24651.0,61799.0,1364.0,39.6,31933.0,2.9106566874393263,40562.92906,24,95,119
132,11215,132.0,132.0,132.0,132.0,132.0,132.0,132.0,132.0,11215.0,70156.0,5700.0,4752.0,53421.0,63578.0,156558.0,3233.0,36.0,28635.0,2.4500087305744715,29149.6786,0,0,0
133,11216,133.0,133.0,133.0,133.0,133.0,133.0,133.0,133.0,11216.0,56308.0,3900.0,33463.0,16316.0,36338.0,69266.0,32083.0,34.2,24079.0,2.338469205531791,58091.97861000001,5,0,5
134,11217,134.0,134.0,134.0,134.0,134.0,134.0,134.0,134.0,11217.0,41407.0,3400.0,8922.0,24009.0,57988.0,127886.0,8163.0,35.0,17447.0,2.3733020003438985,47777.62983,10,20,30
135,11218,135.0,135.0,135.0,135.0,135.0,135.0,135.0,135.0,11218.0,74508.0,5900.0,7142.0,44496.0,32216.0,74529.0,6015.0,34.2,24866.0,2.9963806000160864,52711.98318,3,1,4
136,11219,136.0,136.0,136.0,136.0,136.0,136.0,136.0,136.0,11219.0,90036.0,7100.0,1246.0,60521.0,19006.0,40354.0,931.0,27.8,24430.0,3.685468686041752,62227.39541000001,14,39,53
137,11220,137.0,137.0,137.0,137.0,137.0,137.0,137.0,137.0,11220.0,95643.0,7000.0,3363.0,29005.0,20395.0,44401.0,2458.0,34.3,28083.0,3.405725883986753,55610.27359,0,0,0
138,11221,138.0,138.0,138.0,138.0,138.0,138.0,138.0,138.0,11221.0,83835.0,5400.0,42967.0,23203.0,27589.0,54886.0,41079.0,31.6,30871.0,2.7156554695345148,57046.27621,0,4,4
139,11222,139.0,139.0,139.0,139.0,139.0,139.0,139.0,139.0,11222.0,36492.0,3100.0,1983.0,29893.0,52004.0,93082.0,1590.0,34.8,17256.0,2.1147426981919333,24234.90814,0,0,0
140,11223,140.0,140.0,140.0,140.0,140.0,140.0,140.0,140.0,11223.0,81789.0,7000.0,4443.0,46811.0,23522.0,60560.0,3886.0,36.5,27958.0,2.9254238500608056,37960.94503,0,1,1
141,11224,141.0,141.0,141.0,141.0,141.0,141.0,141.0,141.0,11224.0,46707.0,3000.0,11121.0,27137.0,17600.0,43416.0,10495.0,45.5,18725.0,2.494365821094793,30862.605310000006,15,58,73
142,11225,142.0,142.0,142.0,142.0,142.0,142.0,142.0,142.0,11225.0,58882.0,3300.0,38536.0,16038.0,31933.0,62400.0,37614.0,34.8,24105.0,2.442729724123626,64286.1991,0,0,0
143,11226,143.0,143.0,143.0,143.0,143.0,143.0,143.0,143.0,11226.0,100277.0,6100.0,69703.0,15288.0,29366.0,58387.0,68415.0,34.7,36733.0,2.7298886559769144,78799.06905,10,35,45
144,11228,144.0,144.0,144.0,144.0,144.0,144.0,144.0,144.0,11228.0,44994.0,5300.0,692.0,25047.0,29294.0,80352.0,521.0,41.1,15306.0,2.9396315170521365,28427.21088,1,12,13
145,11229,145.0,145.0,145.0,145.0,145.0,145.0,145.0,145.0,11229.0,83615.0,8300.0,5488.0,54043.0,31259.0,75945.0,4985.0,40.8,30946.0,2.7019647127253927,37062.52895,3,5,8
146,11230,146.0,146.0,146.0,146.0,146.0,146.0,146.0,146.0,11230.0,89075.0,8100.0,6909.0,62333.0,25425.0,62448.0,6328.0,33.8,30572.0,2.913613764228706,46960.86957,0,0,0
147,11231,147.0,147.0,147.0,147.0,147.0,147.0,147.0,147.0,11231.0,37845.0,2700.0,6013.0,24939.0,56835.0,139857.0,5262.0,35.9,15702.0,2.410202521971723,23443.03797,0,0,0
148,11232,148.0,148.0,148.0,148.0,148.0,148.0,148.0,148.0,11232.0,27602.0,2100.0,2467.0,11391.0,26635.0,52764.0,1772.0,33.8,8812.0,3.1323195642305945,21996.10895,0,0,0
149,11233,149.0,149.0,149.0,149.0,149.0,149.0,149.0,149.0,11233.0,76819.0,4800.0,61749.0,6731.0,28652.0,46037.0,60526.0,33.0,29345.0,2.6177883796217407,49742.5816,1,7,8
150,11234,150.0,150.0,150.0,150.0,150.0,150.0,150.0,150.0,11234.0,95666.0,9200.0,44625.0,39753.0,36065.0,90864.0,43831.0,40.3,31835.0,3.0050573268415266,11629.60509,0,0,0
151,11235,151.0,151.0,151.0,151.0,151.0,151.0,151.0,151.0,11235.0,78128.0,6000.0,2303.0,58754.0,27444.0,68446.0,2011.0,45.1,32269.0,2.421147231088661,35232.41318,48,57,105
152,11236,152.0,152.0,152.0,152.0,152.0,152.0,152.0,152.0,11236.0,100331.0,9000.0,87662.0,5879.0,33928.0,79301.0,86679.0,37.9,33282.0,3.0145724415600026,26113.2128,7,9,16
153,11237,153.0,153.0,153.0,153.0,153.0,153.0,153.0,153.0,11237.0,49310.0,3200.0,7451.0,20736.0,26552.0,40428.0,6670.0,30.3,16740.0,2.9456391875746712,50914.28571,0,0,0
154,11238,154.0,154.0,154.0,154.0,154.0,154.0,154.0,154.0,11238.0,54540.0,4000.0,22012.0,25308.0,50142.0,105246.0,20521.0,35.8,24547.0,2.221860105104493,44540.68716,10,6,16
155,11239,155.0,155.0,155.0,155.0,155.0,155.0,155.0,155.0,11239.0,13244.0,550.0,8166.0,4057.0,18092.0,40922.0,7991.0,46.8,6764.0,1.9580130100532231,22933.21918,2,12,14
156,11351,156.0,156.0,156.0,156.0,156.0,156.0,156.0,156.0,11351.0,0.0,0.0,0.0,0.0,-666666666.0,-666666666.0,0.0,-666666666.0,0.0,,0.0,0,0,0
157,11354,157.0,157.0,157.0,157.0,157.0,157.0,157.0,157.0,11354.0,55200.0,3700.0,2134.0,11472.0,22098.0,49493.0,1775.0,45.5,20112.0,2.7446300715990453,25324.41163,78,107,185
158,11355,158.0,158.0,158.0,158.0,158.0,158.0,158.0,158.0,11355.0,80853.0,5500.0,3413.0,10683.0,20942.0,42758.0,2748.0,42.8,27606.0,2.9288198217778745,49379.52846,7,53,60
159,11356,159.0,159.0,159.0,159.0,159.0,159.0,159.0,159.0,11356.0,23362.0,1700.0,496.0,8389.0,30741.0,64495.0,419.0,37.1,7453.0,3.134576680531329,14919.159769999998,0,0,0
160,11357,160.0,160.0,160.0,160.0,160.0,160.0,160.0,160.0,11357.0,39902.0,2900.0,508.0,27972.0,36868.0,93862.0,259.0,45.5,14515.0,2.7490182569755426,13977.15102,12,12,24
161,11358,161.0,161.0,161.0,161.0,161.0,161.0,161.0,161.0,11358.0,37190.0,4000.0,585.0,15507.0,32348.0,75756.0,352.0,43.9,13042.0,2.8515565097377698,19264.23807,0,0,0
162,11359,162.0,162.0,162.0,162.0,162.0,162.0,162.0,162.0,11359.0,0.0,0.0,0.0,0.0,-666666666.0,-666666666.0,0.0,-666666666.0,0.0,,0.0,0,0,0
163,11360,163.0,163.0,163.0,163.0,163.0,163.0,163.0,163.0,11360.0,19621.0,1400.0,313.0,12199.0,48401.0,106151.0,196.0,48.5,8583.0,2.2860305254572992,13141.26653,0,0,0
164,11361,164.0,164.0,164.0,164.0,164.0,164.0,164.0,164.0,11361.0,27246.0,3000.0,1248.0,13252.0,39358.0,95567.0,1036.0,43.3,10026.0,2.717534410532615,16271.89989,32,30,62
165,11362,165.0,165.0,165.0,165.0,165.0,165.0,165.0,165.0,11362.0,18721.0,1200.0,405.0,9308.0,42370.0,105685.0,176.0,49.4,7151.0,2.617955530695008,7103.626943000001,5,1,6
166,11363,166.0,166.0,166.0,166.0,166.0,166.0,166.0,166.0,11363.0,6952.0,550.0,146.0,4124.0,50866.0,125907.0,124.0,47.8,2661.0,2.612551672303645,8041.426928,0,0,0
167,11364,167.0,167.0,167.0,167.0,167.0,167.0,167.0,167.0,11364.0,36806.0,2900.0,1194.0,14708.0,40369.0,92310.0,962.0,44.8,13554.0,2.715508337022281,13995.54475,0,0,0
168,11365,168.0,168.0,168.0,168.0,168.0,168.0,168.0,168.0,11365.0,44983.0,2600.0,4254.0,15033.0,30716.0,75024.0,3815.0,40.8,15571.0,2.8888960246612294,16921.105330000002,0,0,0
169,11366,169.0,169.0,169.0,169.0,169.0,169.0,169.0,169.0,11366.0,14650.0,1200.0,829.0,6295.0,31675.0,90026.0,768.0,40.6,4633.0,3.1620979926613426,12357.99087,1,0,1
170,11367,170.0,170.0,170.0,170.0,170.0,170.0,170.0,170.0,11367.0,41824.0,2600.0,3930.0,23407.0,30023.0,64438.0,3526.0,36.4,14580.0,2.8685871056241425,17275.6734,0,0,0
171,11368,171.0,171.0,171.0,171.0,171.0,171.0,171.0,171.0,11368.0,112425.0,6300.0,12777.0,42338.0,21905.0,48245.0,11805.0,32.4,28502.0,3.9444600378920778,41767.09726,20,4,24
172,11369,172.0,172.0,172.0,172.0,172.0,172.0,172.0,172.0,11369.0,34118.0,3300.0,6112.0,9834.0,25773.0,61875.0,5546.0,38.3,10294.0,3.3143578783757532,35854.2247,10,14,24
173,11370,173.0,173.0,173.0,173.0,173.0,173.0,173.0,173.0,11370.0,32514.0,2700.0,5064.0,13704.0,28123.0,79861.0,4869.0,37.5,7993.0,4.0678093331665215,27239.53329,0,0,0
174,11371,174.0,174.0,174.0,174.0,174.0,174.0,174.0,174.0,11371.0,0.0,0.0,0.0,0.0,-666666666.0,-666666666.0,0.0,-666666666.0,0.0,,0.0,0,0,0
175,11372,175.0,175.0,175.0,175.0,175.0,175.0,175.0,175.0,11372.0,61844.0,2700.0,2435.0,35443.0,30999.0,59083.0,1973.0,40.5,23814.0,2.596959771562946,90415.19674,7,5,12
176,11373,176.0,176.0,176.0,176.0,176.0,176.0,176.0,176.0,11373.0,93967.0,6200.0,2472.0,20359.0,25317.0,54873.0,2003.0,38.2,30285.0,3.1027571404985967,66154.85564,0,0,0
177,11374,177.0,177.0,177.0,177.0,177.0,177.0,177.0,177.0,11374.0,42653.0,3000.0,2345.0,22481.0,38072.0,82615.0,1881.0,43.8,19416.0,2.1967964565306963,46481.87633,0,0,0
178,11375,178.0,178.0,178.0,178.0,178.0,178.0,178.0,178.0,11375.0,73488.0,5400.0,3444.0,44651.0,50363.0,103712.0,2008.0,42.7,32857.0,2.236601028700125,34713.636360000004,19,12,31
179,11377,179.0,179.0,179.0,179.0,179.0,179.0,179.0,179.0,11377.0,86421.0,6000.0,2812.0,42254.0,30227.0,60870.0,2299.0,40.0,31400.0,2.7522611464968154,35324.41998,4,3,7
180,11378,180.0,180.0,180.0,180.0,180.0,180.0,180.0,180.0,11378.0,37279.0,3800.0,1047.0,26836.0,34100.0,84646.0,635.0,37.7,12604.0,2.9577118375119014,13648.45884,2,17,19
181,11379,181.0,181.0,181.0,181.0,181.0,181.0,181.0,181.0,11379.0,37851.0,3700.0,730.0,29559.0,38713.0,99488.0,367.0,42.7,13504.0,2.8029472748815167,16781.20482,13,20,33
182,11385,182.0,182.0,182.0,182.0,182.0,182.0,182.0,182.0,11385.0,106717.0,8100.0,3222.0,87155.0,34339.0,73624.0,2415.0,35.4,35126.0,3.0381199111769064,27288.12621,0,0,0
183,11411,183.0,183.0,183.0,183.0,183.0,183.0,183.0,183.0,11411.0,20759.0,2400.0,19475.0,699.0,37369.0,106230.0,19233.0,44.2,6270.0,3.3108452950558216,15873.39607,0,0,0
184,11412,184.0,184.0,184.0,184.0,184.0,184.0,184.0,184.0,11412.0,37458.0,3800.0,34470.0,661.0,33009.0,89179.0,33702.0,40.5,11039.0,3.3932421414983236,21191.98056,0,0,0
185,11413,185.0,185.0,185.0,185.0,185.0,185.0,185.0,185.0,11413.0,42443.0,3600.0,39730.0,987.0,35915.0,92219.0,39084.0,39.8,12356.0,3.435011330527679,12552.25806,0,0,0
186,11414,186.0,186.0,186.0,186.0,186.0,186.0,186.0,186.0,11414.0,29219.0,1200.0,1289.0,22761.0,34630.0,86406.0,556.0,45.0,10680.0,2.7358614232209737,11368.69565,0,0,0
187,11415,187.0,187.0,187.0,187.0,187.0,187.0,187.0,187.0,11415.0,19372.0,1600.0,1364.0,11415.0,41286.0,77634.0,1039.0,38.9,8379.0,2.311970402195966,34051.05634,0,4,4
188,11416,188.0,188.0,188.0,188.0,188.0,188.0,188.0,188.0,11416.0,27125.0,2800.0,2252.0,7440.0,26470.0,70703.0,1705.0,35.6,7217.0,3.7584869059165857,37328.82883,0,0,0
189,11417,189.0,189.0,189.0,189.0,189.0,189.0,189.0,189.0,11417.0,31927.0,3000.0,3159.0,11426.0,29900.0,78627.0,2362.0,38.3,9060.0,3.523951434878587,25886.50581,0,0,0
190,11418,190.0,190.0,190.0,190.0,190.0,190.0,190.0,190.0,11418.0,38517.0,3700.0,3674.0,15641.0,27398.0,66176.0,2829.0,35.1,10938.0,3.5213933077345034,22202.08206,3,0,3
191,11419,191.0,191.0,191.0,191.0,191.0,191.0,191.0,191.0,11419.0,49618.0,4700.0,9465.0,4991.0,26605.0,72995.0,8140.0,37.0,12479.0,3.9761198814007535,41816.6519,0,0,0
192,11420,192.0,192.0,192.0,192.0,192.0,192.0,192.0,192.0,11420.0,48489.0,4300.0,13606.0,7399.0,27552.0,72876.0,11883.0,39.2,13159.0,3.6848544722243335,21344.56208,0,0,0
193,11421,193.0,193.0,193.0,193.0,193.0,193.0,193.0,193.0,11421.0,41002.0,3800.0,2863.0,18122.0,28440.0,77034.0,1921.0,37.8,11638.0,3.523113937102595,30378.10559,0,0,0
194,11422,194.0,194.0,194.0,194.0,194.0,194.0,194.0,194.0,11422.0,32082.0,2300.0,27832.0,1759.0,37054.0,95394.0,27335.0,38.4,9653.0,3.323526364860665,15342.91478,0,0,0
195,11423,195.0,195.0,195.0,195.0,195.0,195.0,195.0,195.0,11423.0,31400.0,2600.0,13012.0,4070.0,30862.0,82727.0,12198.0,40.8,9787.0,3.2083375906815164,21252.30333,19,47,66
196,11424,196.0,196.0,196.0,196.0,196.0,196.0,196.0,196.0,11424.0,0.0,0.0,0.0,0.0,-666666666.0,-666666666.0,0.0,-666666666.0,0.0,,0.0,0,0,0
197,11425,197.0,197.0,197.0,197.0,197.0,197.0,197.0,197.0,11425.0,0.0,0.0,0.0,0.0,-666666666.0,-666666666.0,0.0,-666666666.0,0.0,,0.0,0,0,0
198,11426,198.0,198.0,198.0,198.0,198.0,198.0,198.0,198.0,11426.0,20801.0,1500.0,1573.0,8083.0,40693.0,101670.0,1379.0,38.6,6356.0,3.2726557583385776,13000.7391,0,0,0
199,11427,199.0,199.0,199.0,199.0,199.0,199.0,199.0,199.0,11427.0,24037.0,2200.0,5310.0,7047.0,32027.0,91302.0,4979.0,42.0,7500.0,3.2049333333333334,14941.73528,9,0,9
200,11428,200.0,200.0,200.0,200.0,200.0,200.0,200.0,200.0,11428.0,18929.0,1900.0,4770.0,4295.0,30895.0,80833.0,3982.0,40.8,5558.0,3.405721482547679,23010.80432,0,0,0
201,11429,201.0,201.0,201.0,201.0,201.0,201.0,201.0,201.0,11429.0,27403.0,2300.0,21302.0,964.0,30332.0,91303.0,20884.0,39.0,7340.0,3.733378746594005,19281.87404,0,0,0
202,11430,202.0,202.0,202.0,202.0,202.0,202.0,202.0,202.0,11430.0,198.0,30.0,146.0,25.0,9000.0,-666666666.0,146.0,46.9,0.0,inf,25.85359,0,0,0
203,11432,203.0,203.0,203.0,203.0,203.0,203.0,203.0,203.0,11432.0,62053.0,5600.0,11039.0,11857.0,25935.0,59914.0,9931.0,36.0,18547.0,3.3457162883485196,28296.41694,40,38,78
204,11433,204.0,204.0,204.0,204.0,204.0,204.0,204.0,204.0,11433.0,36489.0,2700.0,24254.0,1432.0,24730.0,61392.0,23459.0,35.0,10519.0,3.4688658617739327,21061.21134,0,0,0
205,11434,205.0,205.0,205.0,205.0,205.0,205.0,205.0,205.0,11434.0,65791.0,4500.0,58341.0,1927.0,31243.0,77150.0,57595.0,37.9,21462.0,3.0654645419811763,18260.96356,11,24,35
206,11435,206.0,206.0,206.0,206.0,206.0,206.0,206.0,206.0,11435.0,59296.0,4300.0,14940.0,10038.0,28991.0,66703.0,14016.0,35.8,18874.0,3.1416763802055736,35436.9637,9,0,9
207,11436,207.0,207.0,207.0,207.0,207.0,207.0,207.0,207.0,11436.0,20077.0,2100.0,12945.0,1132.0,30675.0,77792.0,12389.0,36.9,5581.0,3.5973839813653465,22749.049430000006,0,0,0
208,11451,208.0,208.0,208.0,208.0,208.0,208.0,208.0,208.0,11451.0,0.0,0.0,0.0,0.0,-666666666.0,-666666666.0,0.0,-666666666.0,0.0,,0.0,0,0,0
209,11691,209.0,209.0,209.0,209.0,209.0,209.0,209.0,209.0,11691.0,67094.0,3200.0,32786.0,26121.0,25151.0,58411.0,31425.0,31.1,20594.0,3.2579392055938623,21183.8391,40,42,82
210,11692,210.0,210.0,210.0,210.0,210.0,210.0,210.0,210.0,11692.0,20991.0,1300.0,12998.0,4745.0,24032.0,47530.0,12782.0,34.2,6815.0,3.080117388114453,18558.55856,12,9,21
211,11693,211.0,211.0,211.0,211.0,211.0,211.0,211.0,211.0,11693.0,12919.0,850.0,2914.0,8174.0,32794.0,68529.0,2571.0,39.5,4845.0,2.666460268317853,11951.85557,0,0,0
212,11694,212.0,212.0,212.0,212.0,212.0,212.0,212.0,212.0,11694.0,21354.0,1700.0,1522.0,17362.0,42139.0,110469.0,1449.0,48.5,8468.0,2.5217288615965994,14939.97072,10,21,31
213,11697,213.0,213.0,213.0,213.0,213.0,213.0,213.0,213.0,11697.0,3540.0,300.0,21.0,3378.0,44786.0,128833.0,21.0,49.1,1365.0,2.593406593406593,1837.387387,0,0,0
214,99999,,,,,,,,,,,,,,,,,,,,,0,0,0
