,MOD ZCTA,Population,Population_from_NYCHealth,Sample Count,Black or Black and other races,White,Median Income,Median Family Income,Median Age,Average Unit Size,NH/ACF Deaths,COVID Case Count,COVID Death Count,Total COVID Tests,Percent Positive,Death Rate,Case Rate,Borough,Neighborhood Name,Deaths less NH/ACF Deaths
0,10001,23072.0,23563.03,0.0,1687.0,14492.0,62349.0,113382.0,36.7,1.844099428847240,0.0,377,21,2754,0.13689179375453900,0.0009101941747572820,0.01634015256588070,Manhattan,Chelsea/NoMad/West Chelsea,21.0
1,10002,74993.0,76755.41,4100.0,7645.0,24168.0,20295.0,40487.0,43.6,2.2359272510435300,25.0,1065,152,5616,0.18963675213675200,0.0020268558398783900,0.014201325457042700,Manhattan,Chinatown/Lower East Side,127.0
2,10003,54682.0,53801.62,3600.0,3491.0,41511.0,68414.0,181132.0,32.3,2.093171030470070,0.0,453,33,4167,0.10871130309575200,0.0006034892652061010,0.008284261731465570,Manhattan,East Village/Gramercy/Greenwich Village,33.0
3,10004,3028.0,3650.61,250.0,67.0,1902.0,105452.0,201761.0,37.1,1.8251959011452700,0.0,32,1,289,0.11072664359861600,0.00033025099075297200,0.010568031704095100,Manhattan,Financial District,1.0
4,10005,8831.0,8396.11,450.0,327.0,6484.0,95137.0,235700.0,30.100000000000000,2.0189757658893500,0.0,63,2,629,0.10015898251192400,0.00022647491790284200,0.007133959913939530,Manhattan,Financial District,2.0
5,10006,3454.0,3457.77,200.0,71.0,2411.0,99718.0,200859.0,31.8,1.9253065774804900,0.0,26,0,286,0.09090909090909090,0.0,0.007527504342790970,Manhattan,Financial District,0.0
6,10007,7066.0,8249.73,0.0,387.0,5464.0,107138.0,250001.0,36.0,2.5715854998169200,0.0,60,3,695,0.08633093525179860,0.00042456835550523600,0.008491367110104730,Manhattan,TriBeCa,3.0
7,10009,57925.0,58747.99,2400.0,6539.0,35817.0,44302.0,62844.0,37.1,1.9484997308934300,0.0,700,66,5184,0.13503086419753100,0.0011394044022442800,0.012084592145015100,Manhattan,Alphabet City/East Village/Stuyvesant Town-Cooper Village,66.0
8,10010,33730.0,32371.86,1600.0,2108.0,24684.0,78566.0,213813.0,34.7,2.057962172056130,0.0,270,20,3106,0.08692852543464260,0.0005929439667951380,0.008004743551734360,Manhattan,Flatiron/Gramercy/Kips Bay,20.0
9,10011,50472.0,49500.52,2300.0,3582.0,40331.0,83012.0,215417.0,40.6,1.7327657237022800,0.0,523,37,4354,0.12011943040881900,0.0007330797273735930,0.010362181011253800,Manhattan,Chelsea,37.0
10,10012,23411.0,23981.2,1500.0,977.0,17411.0,73118.0,158730.0,33.9,1.9442737314176600,0.0,163,9,1624,0.10036945812807900,0.0003844346674640130,0.0069625389774037800,Manhattan,Greenwich Village/SoHo,9.0
11,10013,28709.0,29031.09,1800.0,1546.0,15961.0,51061.0,136146.0,38.0,2.3952110795928600,0.0,262,20,2435,0.10759753593429200,0.0006966456511895220,0.009126058030582740,Manhattan,Hudson Square/Little Italy/SoHo/TriBeCa,20.0
12,10014,30738.0,31043.16,1600.0,529.0,27314.0,83793.0,201452.0,38.3,1.6862142739590800,2.0,303,24,2731,0.11094837056023400,0.0007807925043919580,0.009857505367948470,Manhattan,Hudson Square/Meatpacking District/West Village,22.0
13,10016,51057.0,52524.35,2100.0,2744.0,36727.0,79903.0,200054.0,33.5,1.7657006501590800,0.0,699,48,5713,0.12235252931909700,0.0009401257418179680,0.013690581115224200,Manhattan,Kips Bay/Murray Hill/NoMad,48.0
14,10017,15801.0,16127.22,650.0,478.0,11683.0,84724.0,201087.0,39.7,1.5952549217566900,0.0,144,6,1432,0.1005586592178770,0.00037972280235428100,0.009113347256502750,Manhattan,East Midtown/Murray Hill,6.0
15,10018,9687.0,9531.44,650.0,561.0,5791.0,75387.0,143512.0,32.8,1.9012757605495600,0.0,205,3,1435,0.14285714285714300,0.0003096934035305050,0.021162382574584500,Manhattan,Hell's Kitchen/Midtown Manhattan,3.0
16,10019,43703.0,40631.45,2100.0,3144.0,29663.0,68093.0,162666.0,39.5,1.7186959257511400,0.0,611,43,4516,0.13529672276350800,0.0009839141477701760,0.013980733588083200,Manhattan,Hell's Kitchen/Midtown Manhattan,43.0
17,10021,46215.0,44175.61,1400.0,681.0,38017.0,83930.0,233328.0,41.0,1.8488958233317300,38.0,568,64,4762,0.11927761444771100,0.0013848317645786,0.012290381910635100,Manhattan,Lenox Hill/Upper East Side,26.0
18,10022,31125.0,30334.8,1500.0,732.0,26028.0,91794.0,250001.0,47.5,1.7244722699318500,0.0,341,26,3078,0.11078622482131300,0.0008353413654618470,0.010955823293172700,Manhattan,East Midtown,26.0
19,10023,62435.0,60274.81,2400.0,3088.0,49795.0,86604.0,219667.0,43.3,1.853055530822430,0.0,565,52,5347,0.10566672900692000,0.0008328661808280610,0.009049411387843360,Manhattan,Lincoln Square,52.0
20,10024,59001.0,57337.68,2300.0,2744.0,49026.0,75606.0,221774.0,43.1,2.052137316962890,69.0,710,68,5514,0.1287631483496550,0.001152522838595960,0.012033694344163700,Manhattan,Upper West Side,-1.0
21,10025,92805.0,92333.47,4000.0,14041.0,59985.0,49192.0,132719.0,41.3,2.2143879742304900,116.0,1362,167,9655,0.14106680476437100,0.0017994720112062900,0.014675933408760300,Manhattan,Manhattan Valley/Morningside Heights/Upper West Side,51.0
22,10026,39363.0,39018.03,2100.0,22257.0,10410.0,35334.0,60513.0,35.1,2.546448440936730,0.0,643,39,3482,0.18466398621481900,0.0009907781419099150,0.016335137057643000,Manhattan,Central Harlem (South),39.0
23,10027,64548.0,63631.04,4300.0,26969.0,19706.0,29146.0,54083.0,31.0,2.7108479274285,0.0,1040,103,5272,0.19726858877086500,0.001595711718411110,0.01611204065191800,Manhattan,Central Harlem (South)/Morningside Heights/West Harlem,103.0
24,10028,47793.0,49155.08,2100.0,881.0,41217.0,79134.0,236313.0,38.9,1.8877083497906600,0.0,476,30,4171,0.11412131383361300,0.0006277069863787580,0.009959617517209630,Manhattan,Upper East Side/Yorkville,30.0
25,10029,79597.0,78841.52,4000.0,25714.0,26896.0,20002.0,39282.0,35.1,2.5117387188387500,34.0,1825,198,8290,0.22014475271411300,0.0024875309370956200,0.022927999798987400,Manhattan,East Harlem,164.0
26,10030,29882.0,29321.91,1300.0,20149.0,5038.0,24046.0,49595.0,36.1,2.3462625628140700,0.0,503,52,2492,0.20184590690208700,0.001740178033598820,0.016832875978850100,Manhattan,Central Harlem (North),52.0
27,10031,60254.0,60556.93,2500.0,26486.0,17917.0,25155.0,50820.0,34.2,2.7439318730361100,0.0,1331,120,6293,0.2115048466550140,0.0019915690244631100,0.022089819763003300,Manhattan,Hamilton Heights/West Harlem,120.0
28,10032,64264.0,61492.57,2800.0,14433.0,19122.0,22186.0,54404.0,34.7,3.0281783055320000,0.0,1541,163,6865,0.22447195921340100,0.0025364122992655300,0.023979210755633000,Manhattan,Washington Heights (South),163.0
29,10033,59607.0,59210.43,2800.0,8637.0,24141.0,24878.0,59913.0,35.8,3.0331263993486700,0.0,1363,114,6121,0.2226760333278880,0.0019125270521918600,0.02286644186085530,Manhattan,Washington Heights (North)/Washington Heights (South),114.0
30,10034,42910.0,43073.65,2100.0,5989.0,16463.0,25312.0,55665.0,36.4,2.666045355700530,0.0,718,69,3805,0.18869908015768700,0.0016080167793055200,0.01673269634117920,Manhattan,Inwood/Washington Heights (North),69.0
31,10035,35743.0,34426.65,2100.0,15618.0,7246.0,18718.0,36792.0,36.3,2.477335736068760,24.0,976,121,4332,0.22530009233610300,0.0033852782362980200,0.027306045939065000,Manhattan,East Harlem,97.0
32,10036,27428.0,26211.25,1300.0,2326.0,17319.0,61935.0,151935.0,36.7,1.694864981770990,0.0,424,36,3010,0.14086378737541500,0.0013125273443196700,0.01545865538865390,Manhattan,Hell's Kitchen/Midtown Manhattan,36.0
33,10037,21139.0,20649.62,950.0,15990.0,2291.0,30791.0,46132.0,35.3,2.172335833932790,32.0,548,67,2865,0.19127399650959900,0.0031694971379913900,0.02592364823312360,Manhattan,Central Harlem (North)/East Harlem,35.0
34,10038,22800.0,22047.96,1400.0,2461.0,11784.0,51233.0,87261.0,36.2,2.2331047992164500,0.0,255,29,1723,0.14799767846778900,0.0012719298245614000,0.01118421052631580,Manhattan,Chinatown/Financial District,29.0
35,10039,27726.0,26457.52,1200.0,18406.0,3625.0,23456.0,44213.0,33.7,2.473327386262270,0.0,519,59,2451,0.211750305997552,0.0021279665296112000,0.01871889201471540,Manhattan,Central Harlem (North)/Washington Heights (South),59.0
36,10040,44571.0,44808.28,2200.0,6355.0,16091.0,22343.0,52870.0,37.4,2.7545269142821800,85.0,1132,112,4888,0.23158756137479500,0.0025128446747885400,0.025397680105898500,Manhattan,Washington Heights (North),27.0
37,10044,11682.0,11700.29,650.0,1541.0,5320.0,54798.0,125625.0,42.2,2.4604043807919100,14.0,238,34,1176,0.20238095238095200,0.002910460537579180,0.020373223763054300,Manhattan,Roosevelt Island,20.0
38,10065,28109.0,29061.49,1500.0,662.0,24285.0,81125.0,228333.0,39.8,1.8936270547022400,0.0,334,27,3240,0.10308641975308600,0.0009605464441993670,0.011882315272688500,Manhattan,Lenox Hill/Upper East Side,27.0
39,10069,5085.0,6338.13,200.0,197.0,3155.0,95592.0,179803.0,36.0,1.9925548589341700,0.0,54,2,509,0.10609037328094300,0.00039331366764995100,0.010619469026548700,Manhattan,Lincoln Square,2.0
40,10075,23140.0,23634.14,640.0,743.0,19853.0,76253.56439066550,181724.18651685400,44.56874675885910,1.9660320711350700,11.0,441,47,2796,0.157725321888412,0.002031114952463270,0.01905790838375110,Manhattan,Lenox Hill/Upper East Side,36.0
41,10128,59256.0,61351.93,2800.0,2808.0,47167.0,71120.0,197813.0,39.5,1.9307288781727500,0.0,637,37,5547,0.1148368487470710,0.0006244093425138380,0.010749966248143600,Manhattan,Upper East Side/Yorkville,37.0
42,10280,9384.0,9618.7,450.0,330.0,7360.0,105321.0,212279.0,38.1,2.057894736842110,0.0,53,0,564,0.09397163120567380,0.0,0.005647911338448420,Manhattan,Battery Park City,0.0
43,10282,5593.0,5515.44,300.0,61.0,4153.0,147538.0,250001.0,35.3,2.5069475571492600,0.0,70,15,410,0.17073170731707300,0.0026819238333631300,0.012515644555694600,Manhattan,Battery Park City,15.0
44,10301,38733.0,39613.55,3200.0,11640.0,22280.0,30868.0,74412.0,38.2,2.673269376768580,69.0,1189,100,4906,0.24235629841011000,0.002581777812201480,0.03069733818707560,Staten Island,Silver Lake/St. George,31.0
45,10302,18204.0,18773.99,1300.0,4029.0,11286.0,32679.0,85781.0,34.9,2.9604813790860300,0.0,635,31,2117,0.2999527633443550,0.0017029224346297500,0.03488244341902880,Staten Island,Elm Park,31.0
46,10303,25947.0,26231.66,1800.0,9784.0,11406.0,30820.0,67360.0,33.1,3.1813388916135400,0.0,880,43,3169,0.27769012306721400,0.001657224341927780,0.03391528885805680,Staten Island,Graniteville/Mariner's Harbor/Port Ivory,43.0
47,10304,41064.0,42448.71,2400.0,11936.0,21403.0,28509.0,73592.0,38.1,2.897544453852670,98.0,1396,167,5372,0.25986597170513800,0.0040668225209429200,0.03399571400740310,Staten Island,New Dorp/Todt Hill,69.0
48,10305,42298.0,42560.99,3100.0,3239.0,31174.0,36477.0,89040.0,39.5,2.884675714383140,0.0,1242,75,4976,0.24959807073955000,0.0017731334814884900,0.029363090453449300,Staten Island,Arrochar/Midland Beach/Shore Acres/South Beach Ocean Breeze,75.0
49,10306,53142.0,53685.66,3800.0,2597.0,45560.0,38658.0,93895.0,43.9,2.6561703403808700,30.0,1459,77,6458,0.22592133787550300,0.001448948101313460,0.027454743893718700,Staten Island,Lighthouse Hill/Midland Beach/New Dorp/Oakwood,47.0
50,10307,15232.0,15214.56,1000.0,56.0,14284.0,44603.0,98897.0,39.7,2.866390666164850,0.0,379,14,1522,0.2490144546649150,0.0009191176470588240,0.024881827731092400,Staten Island,Tottenville,14.0
51,10308,30186.0,29635.33,1900.0,439.0,27810.0,44360.0,104497.0,42.9,2.8348985725018800,0.0,634,25,2802,0.22626695217701600,0.0008281985026171070,0.02100311402636980,Staten Island,Great Kills,25.0
52,10309,33531.0,33004.98,1800.0,313.0,30789.0,44599.0,114083.0,40.5,2.9248953244940700,0.0,844,30,3566,0.23667975322490200,0.0008946944618412810,0.025170737526468000,Staten Island,Charleston/Prince's Bay/Woodrow,30.0
53,10310,23262.0,23870.96,2100.0,5401.0,13731.0,37543.0,83775.0,38.8,2.7872034507548500,0.0,718,33,3028,0.23712021136063400,0.001418622646376060,0.030865789699939800,Staten Island,Port Richmond/Randall Manor/West Brighton,33.0
54,10312,90761.0,60304.33,6400.0,4427.0,66310.0,39054.0,101501.0,40.8,2.893979975766850,87.0,1504,59,6329,0.23763627745299400,0.0006500589460230720,0.016570994149469500,Staten Island,Annadale/Rossville,-28.0
55,10314,61741.0,90834.29,4400.0,1046.0,56226.0,42198.0,107874.0,41.6,2.887522214947150,0.0,2658,191,10799,0.24613390128715600,0.003093568293354500,0.04305080902479710,Staten Island,Bloomfield/Freshkills Park,191.0
56,10451,47798.0,47718.77,2500.0,20867.0,5972.0,19450.0,34974.0,34.1,2.4995032160225900,0.0,1615,154,5970,0.2705192629815750,0.003221892129377800,0.0337880246035399,Bronx,Concourse/Melrose,154.0
57,10452,76078.0,77035.04,3800.0,27616.0,9592.0,17669.0,31631.0,31.600000000000000,2.911965092245270,0.0,2422,158,8936,0.2710384959713520,0.002076815899471600,0.031835747522279800,Bronx,Concourse/Highbridge,158.0
58,10453,79606.0,81184.04,4800.0,27063.0,6841.0,16571.0,29433.0,30.4,2.9196068363529700,0.0,2385,158,8436,0.2827169274537700,0.0019847750169585200,0.02996005326231690,Bronx,Morris Heights/Mount Hope/University Heights,158.0
59,10454,38203.0,38223.41,2300.0,12941.0,5040.0,15778.0,27006.0,29.6,2.9014202172096900,0.0,1145,102,4583,0.2498363517346720,0.0026699473863309200,0.029971468209302900,Bronx,Mott Haven/Port Morris,102.0
60,10455,42283.0,42174.38,2600.0,13540.0,5221.0,17440.0,31884.0,30.6,2.9361155475314200,0.0,1273,100,4613,0.27595924561023200,0.0023650166733675500,0.030106662251968900,Bronx,Mott Haven,100.0
61,10456,94218.0,93441.91,4900.0,42254.0,10146.0,16558.0,32881.0,30.9,3.0616104503801900,46.0,2510,272,9858,0.2546155406776220,0.002886921819609840,0.026640344732429000,Bronx,Claremont/Morrisania,226.0
62,10457,74554.0,74685.06,4900.0,31654.0,11452.0,16871.0,33299.0,29.800000000000000,3.0264674839652500,20.0,2116,177,8141,0.25991892887851600,0.002374118088902000,0.028382112294444300,Bronx,Belmont/Claremont/Mount Hope/Tremont,157.0
63,10458,83960.0,83807.74,4700.0,18960.0,14887.0,17907.0,36850.0,29.0,3.077486987757500,0.0,2066,114,7875,0.26234920634920600,0.0013577894235350200,0.024606955693187200,Bronx,Belmont/Fordham University/Kingsbridge,114.0
64,10459,48351.0,48354.56,3400.0,17790.0,5615.0,18458.0,34086.0,31.3,2.951471126846540,22.0,1495,156,5253,0.28459927660384500,0.003226406899547060,0.030919732787326000,Bronx,Charlotte Gardens/Hunts Point,134.0
65,10460,59505.0,60073.25,3500.0,19091.0,9370.0,16160.0,30654.0,31.6,2.9107763048476200,0.0,1655,116,6022,0.2748256393224840,0.0019494160154608900,0.027812788841273800,Bronx,Charlotte Gardens/Tremont/Van Nest/West Farms,116.0
66,10461,50348.0,49479.56,3700.0,5908.0,24270.0,31097.0,65385.0,37.8,2.6601151793733800,21.0,1893,139,7234,0.261680951064418,0.0027607849368396000,0.037598315722570900,Bronx,Morris Park/Pelham Bay/Westchester Square,118.0
67,10462,76756.0,77332.41,5300.0,23923.0,17796.0,28300.0,57511.0,36.3,2.598111227701990,23.0,2281,166,9021,0.2528544507260840,0.002162697378706550,0.02971754651102190,Bronx,Parkchester/Pelham Parkway/Van Nest/Westchester Square,143.0
68,10463,71360.0,71287.33,4500.0,13003.0,32109.0,30734.0,67780.0,39.8,2.4879715501011100,178.0,2037,196,9118,0.22340425531914900,0.0027466367713004500,0.028545403587443900,Bronx,Kingsbridge/Marble Hill/Riverdale/Spuyten Duyvil,18.0
69,10464,4434.0,4353.16,250.0,119.0,3495.0,55443.0,131667.0,44.9,2.342313787638670,0.0,119,7,592,0.20101351351351400,0.0015787099684258000,0.02683806946323860,Bronx,City Island,7.0
70,10465,44205.0,43030.43,3400.0,6201.0,26656.0,36085.0,93767.0,41.5,2.7638489433537600,56.0,1491,78,6087,0.2449482503696400,0.0017645062775704100,0.033729216152019,Bronx,Country Club/Throgs Neck,22.0
71,10466,72479.0,72166.65,4200.0,54368.0,8034.0,26846.0,61668.0,36.6,3.0576695916301000,22.0,2411,160,8267,0.29164146606991700,0.002207535975937860,0.033264807737413600,Bronx,Edenwald/Wakefield,138.0
72,10467,103732.0,100784.05,5600.0,38921.0,23469.0,21666.0,41726.0,33.7,2.8240226505499300,73.0,3425,298,11943,0.2867788662815040,0.0028727875679636000,0.03301777657810510,Bronx,Allerton/Norwood/Pelham Parkway/Williamsbridge,225.0
73,10468,78647.0,76681.12,4200.0,18087.0,9933.0,19907.0,40582.0,32.2,2.9860657604981400,73.0,2767,203,10521,0.2629978138960180,0.0025811537630170300,0.03518252444467050,Bronx,Fordham/Kingsbridge/University Heights,130.0
74,10469,73870.0,71508.25,5100.0,41477.0,13892.0,29338.0,73976.0,40.2,3.2904231625835200,144.0,3027,327,10626,0.28486730660643700,0.004426695546229860,0.04097739271693520,Bronx,Allerton/Baychester/Pelham Gardens/Williamsbridge,183.0
75,10470,15432.0,14103.75,1400.0,6227.0,6572.0,31247.0,67576.0,40.5,2.5398288347597100,0.0,454,15,1919,0.2365815528921310,0.0009720062208398130,0.029419388284085000,Bronx,Wakefield/Woodlawn,15.0
76,10471,21896.0,21247.28,2000.0,2919.0,15033.0,41965.0,110615.0,44.9,2.546638753198420,46.0,800,72,3981,0.2009545340366740,0.003288271830471320,0.03653635367190360,Bronx,Fieldston/North Riverdale/Riverdale,26.0
77,10472,68796.0,67913.94,4100.0,20150.0,10270.0,17990.0,35936.0,32.1,3.143235710695850,18.0,1984,176,6607,0.3002875737853790,0.002558288272573990,0.028838885981743100,Bronx,Soundview,158.0
78,10473,59609.0,61925.28,3200.0,25936.0,22362.0,24379.0,50481.0,36.1,2.8473369954621400,3.0,1942,125,7445,0.26084620550705200,0.0020969987753527200,0.03257897297387980,Bronx,Castle Hill/Clason Point/Soundview,122.0
79,10474,12127.0,12438.07,800.0,5151.0,1118.0,15928.0,30016.0,30.200000000000000,3.4767775229357800,0.0,325,19,1165,0.27896995708154500,0.0015667518759792200,0.026799703141749800,Bronx,Hunts Point,19.0
80,10475,43208.0,43743.21,1100.0,28010.0,7682.0,31610.0,63540.0,45.0,2.303321072551840,9.0,1713,166,6263,0.2735110969184100,0.003841881133123500,0.039645436030364700,Bronx,Co-op City/Edenwald,157.0
81,11004,55270.0,18758.55,5400.0,22959.0,20000.0,38133.4490863036,110262.34143296500,41.01679030215310,3.3875967376615400,0.0,596,59,2970,0.20067340067340100,0.001067486882576440,0.010783426813823100,Queens,Bellerose/Douglaston-Little Neck,59.0
82,11101,66022.0,35204.11,5200.0,42181.0,10277.0,36057.495971040000,103809.9219956980,40.429340219926700,3.572929870995390,0.0,637,38,3810,0.16719160104986900,0.0005755657205174030,0.009648299051831210,Queens,Astoria (South)/Long Island City/Sunnyside,38.0
83,11102,58860.0,32632.92,4600.0,2037.0,28773.0,45611.547349643200,127829.81549439300,45.07553007135580,3.1162753693215600,92.0,623,76,3411,0.18264438581061300,0.001291199456337070,0.010584437648657800,Queens,Astoria (North),-16.0
84,11103,30043.0,36585.65,2200.0,5395.0,12915.0,40222.0,68840.0,34.1,2.2813425468904200,0.0,580,48,3425,0.16934306569343100,0.0015977099490730000,0.01930566188463200,Queens,Astoria (North)/Astoria (South),48.0
85,11104,30800.0,24775.7,2700.0,3375.0,18207.0,37369.0,60821.0,33.7,2.356181150550800,27.0,496,37,2462,0.20146222583265600,0.0012012987012987000,0.016103896103896100,Queens,Sunnyside,10.0
86,11105,36140.0,35894.88,3600.0,1318.0,25632.0,40490.0,76070.0,33.8,2.307053941908710,0.0,493,42,3298,0.14948453608247400,0.001162147205312670,0.013641394576646400,Queens,Ditmars Steinway,42.0
87,11106,26119.0,38664.4,1900.0,670.0,17459.0,38229.0,69636.0,37.8,2.2479559342456300,0.0,649,45,3515,0.18463726884779500,0.0017228837244917500,0.024847811937669900,Queens,Astoria (South),45.0
88,11109,37382.0,5070.64,3400.0,1308.0,27867.0,40863.0,84246.0,35.4,2.4332487144437900,0.0,48,2,500,0.096,5.3501685303087E-05,0.001284040447274090,Queens,Long Island City,2.0
89,11201,38363.0,60908.15,3000.0,3431.0,20734.0,37084.0,67298.0,35.5,2.2577095103578200,0.0,710,87,6557,0.1082812261705050,0.002267810129551910,0.018507415999791500,Brooklyn,Brooklyn Heights/DUMBO/Downtown Brooklyn,87.0
90,11203,5981.0,73392.42,250.0,287.0,4013.0,98396.0,194135.0,32.7,2.0247122545700700,0.0,2093,243,7996,0.2617558779389700,0.04062865741514800,0.3499414813576330,Brooklyn,East Flatbush (North)/East Flatbush (South),243.0
91,11204,62823.0,79322.45,5300.0,10030.0,40248.0,72793.0,168979.0,35.2,2.2383225852424600,117.0,2039,139,9105,0.22394288852279000,0.0022125654616939700,0.03245626601722300,Brooklyn,Bensonhurst/Mapleton,22.0
92,11205,75451.0,44013.21,6800.0,67977.0,3330.0,30301.0,63919.0,39.8,2.717877598069230,71.0,736,46,3938,0.18689690198070100,0.0006096672012299370,0.009754675219679000,Brooklyn,Bedford-Stuyvesant (West)/Clinton Hill/Fort Greene,-25.0
93,11206,76978.0,85496.61,7300.0,1118.0,44686.0,22545.0,56168.0,34.7,3.261641455870510,3.0,1621,148,7936,0.20425907258064500,0.0019226272441476800,0.021057964613266100,Brooklyn,Williamsburg (South),145.0
94,11207,46064.0,89156.75,3500.0,15686.0,22570.0,29349.0,59314.0,29.8,2.8270529029090500,0.0,2109,201,8444,0.24976314542870700,0.0043634942688433500,0.04578412643278920,Brooklyn,Cypress Hills/East New York,201.0
95,11208,88349.0,95607.69,5700.0,25356.0,41715.0,21869.0,34951.0,29.3,2.8461117196057000,0.0,2401,225,8711,0.27562851566984300,0.002546718129237460,0.02717631212577390,Brooklyn,Cypress Hills/East New York,225.0
96,11209,91972.0,67081.12,6600.0,60644.0,13372.0,22579.0,47032.0,34.1,2.7669073405535500,33.0,1143,109,6691,0.17082648333582400,0.0011851433044839700,0.012427695385552100,Brooklyn,Bay Ridge/Fort Hamilton,76.0
97,11210,98660.0,67089.29,6500.0,54888.0,25549.0,27087.0,48487.0,32.5,3.065784158354310,23.0,1711,135,6692,0.2556784219964140,0.0013683356983580000,0.017342387999189100,Brooklyn,Flatlands/Midwood,112.0
98,11211,67809.0,99594.67,6200.0,2916.0,50050.0,41450.0,97345.0,40.6,2.3145373246407500,0.0,2097,127,11621,0.18044918681696900,0.0018729077261130500,0.03092509843826040,Brooklyn,East Williamsburg/Williamsburg (North)/Williamsburg (South),127.0
99,11212,67040.0,79589.99,5800.0,40155.0,20877.0,34187.0,75151.0,35.6,3.0107333722549100,0.0,1898,219,7675,0.24729641693811100,0.003266706443914080,0.02831145584725540,Brooklyn,Ocean Hill-Brownsville,219.0
100,11213,102624.0,64425.94,6800.0,8084.0,76620.0,40122.0,60044.0,30.7,2.6057282145033500,0.0,1414,136,6081,0.2325275448117090,0.0013252260679763000,0.013778453383224200,Brooklyn,Crown Heights (East),136.0
101,11214,76527.0,93333.46,4700.0,63695.0,5487.0,17869.0,40188.0,37.6,2.432981496788960,44.0,1550,176,7419,0.2089230354495220,0.002299841885870350,0.020254289335790000,Brooklyn,Bath Beach/Bensonhurst/Gravesend,132.0
102,11215,66295.0,69932.3,4500.0,46001.0,14869.0,25107.0,47055.0,33.4,2.64893914572262,7.0,626,44,5045,0.12408325074331000,0.0006637001282147980,0.009442642733237800,Brooklyn,Gowanus/Park Slope/Windsor Terrace,37.0
103,11216,92946.0,55537.72,7900.0,1660.0,45769.0,24651.0,61799.0,39.6,2.9106566874393300,119.0,740,71,4449,0.1663295122499440,0.0007638844059991820,0.007961612118864720,Brooklyn,Bedford-Stuyvesant (West)/Crown Heights (West),-48.0
104,11217,70156.0,47476.67,5700.0,4752.0,53421.0,63578.0,156558.0,36.0,2.4500087305744700,0.0,625,80,3691,0.16933080465998400,0.0011403158674953000,0.008908717714807000,Brooklyn,Boerum Hill/Park Slope,80.0
105,11218,56308.0,75806.47,3900.0,33463.0,16316.0,36338.0,69266.0,34.2,2.338469205531790,5.0,1749,133,7772,0.2250386001029340,0.002362008950770760,0.031061305675925300,Brooklyn,Kensington/Windsor Terrace,128.0
106,11219,41407.0,92858.07,3400.0,8922.0,24009.0,57988.0,127886.0,35.0,2.3733020003439000,30.0,3076,215,14707,0.20915210444006300,0.005192358779916440,0.07428695631173470,Brooklyn,Borough Park,185.0
107,11220,74508.0,98450,5900.0,7142.0,44496.0,32216.0,74529.0,34.2,2.9963806000160900,4.0,1568,158,6665,0.2352588147036760,0.0021205776560906200,0.021044720030063900,Brooklyn,Sunset Park,154.0
108,11221,90036.0,81672.44,7100.0,1246.0,60521.0,19006.0,40354.0,27.800000000000000,3.685468686041750,53.0,1318,131,6568,0.20066991473812400,0.001454973566129100,0.014638589008840900,Brooklyn,Bedford-Stuyvesant (East)/Bushwick,78.0
109,11222,95643.0,36349.16,7000.0,3363.0,29005.0,20395.0,44401.0,34.3,3.4057258839867500,0.0,450,30,3663,0.12285012285012300,0.0003136664471001540,0.004704996706502310,Brooklyn,Greenpoint,30.0
110,11223,83835.0,79957.11,5400.0,42967.0,23203.0,27589.0,54886.0,31.6,2.7156554695345100,4.0,1728,138,7384,0.23401950162513500,0.0016460905349794200,0.020611916264090200,Brooklyn,Gravesend/Homecrest,134.0
111,11224,36492.0,44487.34,3100.0,1983.0,29893.0,52004.0,93082.0,34.8,2.1147426981919300,0.0,1220,200,4891,0.2494377427928850,0.00548065329387263,0.03343198509262300,Brooklyn,Brighton Beach/Coney Island/Seagate,200.0
112,11225,81789.0,57711.49,7000.0,4443.0,46811.0,23522.0,60560.0,36.5,2.9254238500608100,1.0,1161,129,5120,0.2267578125,0.0015772292117521900,0.014195062905769700,Brooklyn,Crown Heights (West)/Prospect Lefferts Gardens,128.0
113,11226,46707.0,99061.32,3000.0,11121.0,27137.0,17600.0,43416.0,45.5,2.494365821094790,73.0,2280,264,9285,0.2455573505654280,0.005652257691566580,0.04881495279080220,Brooklyn,Flatbush/Prospect Lefferts Gardens,191.0
114,11228,58882.0,44215.08,3300.0,38536.0,16038.0,31933.0,62400.0,34.8,2.442729724123630,0.0,678,77,3301,0.2053923053620120,0.0013077001460548200,0.011514554532794400,Brooklyn,Bath Beach/Dyker Heights,77.0
115,11229,100277.0,84909.16,6100.0,69703.0,15288.0,29366.0,58387.0,34.7,2.729888655976920,45.0,1783,139,11592,0.15381297446514800,0.0013861603358696400,0.017780747329896200,Brooklyn,Gerritsen Beach/Homecrest/Sheepshead Bay,94.0
116,11230,44994.0,89165.77,5300.0,692.0,25047.0,29294.0,80352.0,41.1,2.9396315170521400,13.0,2373,206,10586,0.22416399017570400,0.0045783882295417200,0.05274036538205090,Brooklyn,Midwood,193.0
117,11231,83615.0,36994.7,8300.0,5488.0,54043.0,31259.0,75945.0,40.8,2.7019647127253900,8.0,424,33,2936,0.1444141689373300,0.0003946660288225800,0.0050708604915386,Brooklyn,Carroll Gardens/Cobble Hill/Red Hook,25.0
118,11232,89075.0,28271.09,8100.0,6909.0,62333.0,25425.0,62448.0,33.8,2.913613764228710,0.0,540,40,2245,0.24053452115812900,0.0004490597810833570,0.006062307044625320,Brooklyn,Sunset Park,40.0
119,11233,37845.0,72145.54,2700.0,6013.0,24939.0,56835.0,139857.0,35.9,2.410202521971720,0.0,1262,129,5287,0.23869869491204800,0.0034086405073325400,0.033346545118245500,Brooklyn,Bedford-Stuyvesant (East)/Ocean Hill-Brownsville,129.0
120,11234,27602.0,95304.8,2100.0,2467.0,11391.0,26635.0,52764.0,33.8,3.1323195642305900,0.0,2253,185,8883,0.2536305302262750,0.006702412868632710,0.08162451996232160,Brooklyn,Bergen Beach/Flatlands/Marine Park/Mill Basin,185.0
121,11235,76819.0,79540.14,4800.0,61749.0,6731.0,28652.0,46037.0,33.0,2.6177883796217400,8.0,2053,278,9129,0.224887720451309,0.003618896366784260,0.02672515914031690,Brooklyn,Brighton Beach/Manhattan Beach/Sheepshead Bay,270.0
122,11236,95666.0,96846.99,9200.0,44625.0,39753.0,36065.0,90864.0,40.3,3.0050573268415300,0.0,2750,278,9918,0.27727364387981400,0.002905943595425750,0.028745844918779900,Brooklyn,Canarsie,278.0
123,11237,78128.0,50695.72,6000.0,2303.0,58754.0,27444.0,68446.0,45.1,2.421147231088660,105.0,988,112,4635,0.21316073354908300,0.0014335449518738500,0.01264591439688720,Brooklyn,Bushwick/East Williamsburg,7.0
124,11238,100331.0,54015.79,9000.0,87662.0,5879.0,33928.0,79301.0,37.9,3.0145724415600000,16.0,795,98,4883,0.16280974810567300,0.0009767669015558500,0.007923772313641850,Brooklyn,Clinton Hill/Prospect Heights,82.0
125,11239,49310.0,12413.37,3200.0,7451.0,20736.0,26552.0,40428.0,30.3,2.9456391875746700,0.0,520,79,2036,0.2554027504911590,0.0016021091056580800,0.010545528290407600,Brooklyn,East New York,79.0
126,11354,54540.0,55518.32,4000.0,22012.0,25308.0,50142.0,105246.0,35.8,2.221860105104490,16.0,1204,271,5316,0.22648607975921700,0.004968830216354970,0.022075540887422100,Queens,Flushing/Murray Hill,255.0
127,11355,13244.0,80013.97,550.0,8166.0,4057.0,18092.0,40922.0,46.8,1.9580130100532200,14.0,1302,148,4920,0.2646341463414630,0.01117487163998790,0.09830866807610990,Queens,Flushing/Murray Hill/Queensboro Hill,134.0
128,11356,39902.0,23322.74,2900.0,508.0,27972.0,36868.0,93862.0,45.5,2.7490182569755400,24.0,567,41,2193,0.2585499316005470,0.0010275174176733000,0.0142098140444088,Queens,College Point,17.0
129,11357,55200.0,39975.56,3700.0,2134.0,11472.0,22098.0,49493.0,45.5,2.7446300715990500,185.0,814,84,3656,0.22264770240700200,0.0015217391304347800,0.014746376811594200,Queens,Whitestone,-101.0
130,11358,80853.0,35541.5,5500.0,3413.0,10683.0,20942.0,42758.0,42.8,2.9288198217778700,60.0,576,37,2812,0.20483641536273100,0.0004576206201377810,0.007124039924307080,Queens,Auburndale/Murray Hill,-23.0
131,11360,23362.0,18863.17,1700.0,496.0,8389.0,30741.0,64495.0,37.1,3.134576680531330,0.0,318,16,1810,0.17569060773480700,0.0006848728704734180,0.01361184830065920,Queens,Bayside (North),16.0
132,11361,37190.0,27971.99,4000.0,585.0,15507.0,32348.0,75756.0,43.9,2.8515565097377700,0.0,456,41,2350,0.19404255319148900,0.001102446894326430,0.012261360580801300,Queens,Bayside (North)/Bayside (South),41.0
133,11362,19621.0,17738.01,1400.0,313.0,12199.0,48401.0,106151.0,48.5,2.2860305254573000,0.0,326,20,1557,0.20937700706486800,0.0010193160389378700,0.016614851434687300,Queens,Douglaston-Little Neck,20.0
134,11363,27246.0,7159.03,3000.0,1248.0,13252.0,39358.0,95567.0,43.30000000000000,2.717534410532620,62.0,98,4,533,0.18386491557223300,0.00014681054099684400,0.0035968582544226700,Queens,Douglaston-Little Neck,-58.0
135,11364,18721.0,34562.6,1200.0,405.0,9308.0,42370.0,105685.0,49.4,2.617955530695010,6.0,465,26,2441,0.1904956984842280,0.0013888147000694400,0.02483841675124190,Queens,Bayside (South)/Oakland Gardens,20.0
136,11365,6952.0,44050.79,550.0,146.0,4124.0,50866.0,125907.0,47.8,2.6125516723036500,0.0,839,57,3840,0.21848958333333300,0.008199079401611050,0.12068469505178400,Queens,Auburndale/Fresh Meadows/Pomonok/Utopia,57.0
137,11366,36806.0,13777.39,2900.0,1194.0,14708.0,40369.0,92310.0,44.8,2.715508337022280,0.0,390,22,1434,0.2719665271966530,0.0005977286312014350,0.010596098462207200,Queens,Fresh Meadows/Hillcrest,22.0
138,11367,44983.0,42039.24,2600.0,4254.0,15033.0,30716.0,75024.0,40.8,2.8888960246612300,0.0,1037,58,4186,0.24773053033922600,0.0012893759864837800,0.02305315341351180,Queens,Kew Gardens Hills/Pomonok,58.0
139,11368,14650.0,111594.1,1200.0,829.0,6295.0,31675.0,90026.0,40.6,3.1620979926613400,1.0,4586,401,14304,0.3206096196868010,0.027372013651877100,0.31303754266211600,Queens,Corona/North Corona,400.0
140,11369,41824.0,36462.23,2600.0,3930.0,23407.0,30023.0,64438.0,36.4,2.8685871056241400,0.0,1619,164,5035,0.32154915590864000,0.003921193573068100,0.038709831675593000,Queens,Airport/East Elmhurst,164.0
141,11370,112425.0,32758.65,6300.0,12777.0,42338.0,21905.0,48245.0,32.4,3.9444600378920800,24.0,1341,52,4300,0.3118604651162790,0.0004625305759395150,0.011927951967978700,Queens,Jackson Heights/Rikers Island,28.0
142,11372,34118.0,62562.88,3300.0,6112.0,9834.0,25773.0,61875.0,38.3,3.3143578783757500,24.0,2545,236,8736,0.2913232600732600,0.0069171698223811500,0.07459405592355940,Queens,Jackson Heights,212.0
143,11373,32514.0,92875.81,2700.0,5064.0,13704.0,28123.0,79861.0,37.5,4.0678093331665200,0.0,3249,291,11524,0.2819333564734470,0.008949990773205390,0.09992618564310760,Queens,Elmhurst,291.0
144,11374,61844.0,42047.63,2700.0,2435.0,35443.0,30999.0,59083.0,40.5,2.596959771562950,12.0,1074,89,4520,0.23761061946902700,0.001439104844447320,0.017366276437487900,Queens,Rego Park,77.0
145,11375,93967.0,70552.99,6200.0,2472.0,20359.0,25317.0,54873.0,38.2,3.1027571404986000,0.0,1516,179,6585,0.2302201974183750,0.0019049240690880800,0.016133323400768400,Queens,Forest Hills,179.0
146,11377,42653.0,86468.55,3000.0,2345.0,22481.0,38072.0,82615.0,43.8,2.1967964565307000,0.0,2279,179,9748,0.2337915469839970,0.004196656741612550,0.05343117717393850,Queens,Woodside,179.0
147,11378,73488.0,34593.45,5400.0,3444.0,44651.0,50363.0,103712.0,42.7,2.236601028700130,31.0,746,66,3422,0.21800116890707200,0.0008981058131939910,0.010151317221859400,Queens,Maspeth,35.0
148,11379,86421.0,36195.55,6000.0,2812.0,42254.0,30227.0,60870.0,40.0,2.7522611464968200,7.0,808,86,3454,0.2339316734221190,0.0009951284988602310,0.009349579384640310,Queens,Middle Village,79.0
149,11385,37279.0,102929.91,3800.0,1047.0,26836.0,34100.0,84646.0,37.7,2.9577118375119000,19.0,2178,120,8739,0.24922760041194600,0.0032189704659459700,0.058424313956919400,Queens,Glendale/Ridgewood,101.0
150,11411,37851.0,20494.26,3700.0,730.0,29559.0,38713.0,99488.0,42.7,2.8029472748815200,33.0,685,37,2243,0.3053945608559960,0.0009775171065493650,0.01809727616179230,Queens,Cambria Heights,4.0
151,11412,106717.0,39346.92,8100.0,3222.0,87155.0,34339.0,73624.0,35.4,3.0381199111769100,0.0,1242,77,4159,0.29862947823996200,0.000721534525895593,0.011638258196913300,Queens,St. Albans,77.0
152,11413,37458.0,43647.97,3800.0,34470.0,661.0,33009.0,89179.0,40.5,3.3932421414983200,0.0,1321,69,4418,0.29900407424173800,0.001842063110683970,0.035266164771210400,Queens,Laurelton/Rosedale,69.0
153,11414,42443.0,28265.56,3600.0,39730.0,987.0,35915.0,92219.0,39.8,3.4350113305276800,0.0,802,52,2712,0.29572271386430700,0.0012251725844073200,0.018895931013359100,Queens,Hamilton Beach/Howard Beach/Lindenwood,52.0
154,11415,29219.0,19234.25,1200.0,1289.0,22761.0,34630.0,86406.0,45.0,2.7358614232209700,0.0,537,45,2183,0.24599175446633100,0.00154009377459872,0.01837845237687810,Queens,Kew Gardens,45.0
155,11416,19372.0,26614.42,1600.0,1364.0,11415.0,41286.0,77634.0,38.9,2.311970402195970,4.0,716,50,2452,0.29200652528548100,0.0025810448069378500,0.03696056163535000,Queens,Ozone Park,46.0
156,11417,27125.0,31270.63,2800.0,2252.0,7440.0,26470.0,70703.0,35.6,3.7584869059165900,0.0,887,38,3323,0.2669274751730360,0.0014009216589861800,0.032700460829493100,Queens,Ozone Park,38.0
157,11418,31927.0,38105.16,3000.0,3159.0,11426.0,29900.0,78627.0,38.3,3.523951434878590,0.0,1100,94,3852,0.28556593977154700,0.002944216493876660,0.03445359726876940,Queens,Richmond Hill,94.0
158,11419,38517.0,50848.81,3700.0,3674.0,15641.0,27398.0,66176.0,35.1,3.521393307734500,3.0,1207,86,4228,0.2854777672658470,0.0022327803307630400,0.03133681231663940,Queens,Richmond Hill/South Ozone Park,83.0
159,11420,49618.0,48415.71,4700.0,9465.0,4991.0,26605.0,72995.0,37.0,3.9761198814007500,0.0,1363,98,4669,0.2919254658385090,0.001975089685194890,0.02746986980531260,Queens,South Ozone Park,98.0
160,11421,48489.0,42209.49,4300.0,13606.0,7399.0,27552.0,72876.0,39.2,3.6848544722243300,0.0,1192,95,4178,0.2853039731929150,0.0019592072428798300,0.024582895089608000,Queens,Woodhaven,95.0
161,11422,41002.0,33721.62,3800.0,2863.0,18122.0,28440.0,77034.0,37.8,3.5231139371025900,0.0,979,41,3427,0.2856725999416400,0.0009999512218916150,0.02387688405443640,Queens,Rosedale,41.0
162,11423,32082.0,32041.14,2300.0,27832.0,1759.0,37054.0,95394.0,38.4,3.323526364860670,0.0,1079,91,3589,0.30064084703260000,0.0028364815161149600,0.03363256654822020,Queens,Hollis/Holliswood,91.0
163,11426,31400.0,20363.28,2600.0,13012.0,4070.0,30862.0,82727.0,40.8,3.2083375906815200,66.0,498,29,1846,0.26977248104008700,0.0009235668789808920,0.01585987261146500,Queens,Bellerose,-37.0
164,11427,20801.0,23212.38,1500.0,1573.0,8083.0,40693.0,101670.0,38.6,3.2726557583385800,0.0,790,45,2838,0.2783650458069060,0.002163357530887940,0.03797894332003270,Queens,Bellerose/Hollis Hills/Holliswood,45.0
165,11428,24037.0,19327.45,2200.0,5310.0,7047.0,32027.0,91302.0,42.0,3.204933333333330,9.0,678,40,2151,0.31520223152022300,0.001664101177351580,0.028206514956109300,Queens,Queens Village,31.0
166,11429,18929.0,28036.33,1900.0,4770.0,4295.0,30895.0,80833.0,40.8,3.405721482547680,0.0,956,62,3311,0.2887345212926610,0.003275397538168950,0.05050451687886310,Queens,Queens Village,62.0
167,11432,65989.0,63195.4,4530.0,58487.0,1952.0,31243.0,77150.0,37.9,3.0654645419811800,35.0,1834,229,6671,0.27492130115425000,0.00347027534892179,0.02779251087302430,Queens,Hillcrest/Jamaica Estates/Jamaica Hills,194.0
168,11433,62053.0,36035.76,5600.0,11039.0,11857.0,25935.0,59914.0,36.0,3.3457162883485200,78.0,953,76,3453,0.27599189110918000,0.0012247594797995300,0.015357839266433500,Queens,Jamaica,-2.0
169,11434,36489.0,67536.11,2700.0,24254.0,1432.0,24730.0,61392.0,35.0,3.4688658617739300,0.0,2110,160,7401,0.28509660856641000,0.004384883115459450,0.05782564608512150,Queens,Airport/South Jamaica/Springfield Gardens/St. Albans,160.0
170,11435,59296.0,57663.84,4300.0,14940.0,10038.0,28991.0,66703.0,35.8,3.1416763802055700,9.0,1638,140,6091,0.2689213593826960,0.002361036157582300,0.0276241230437129,Queens,Briarwood/Jamaica,131.0
171,11436,20077.0,20807.42,2100.0,12945.0,1132.0,30675.0,77792.0,36.9,3.5973839813653500,0.0,528,38,1914,0.27586206896551700,0.0018927130547392500,0.026298749813219100,Queens,South Jamaica/South Ozone Park,38.0
172,11691,67094.0,64759.02,3200.0,32786.0,26121.0,25151.0,58411.0,31.1,3.2579392055938600,82.0,2375,315,9111,0.26067391065744700,0.004694905654753030,0.03539809819059830,Queens,Edgemere/Far Rockaway,233.0
173,11692,20991.0,20120.24,1300.0,12998.0,4745.0,24032.0,47530.0,34.2,3.080117388114450,21.0,619,85,2699,0.2293442015561320,0.0040493544852555900,0.02948882854556720,Queens,Arverne/Edgemere,64.0
174,11693,12919.0,12381.27,850.0,2914.0,8174.0,32794.0,68529.0,39.5,2.6664602683178500,0.0,330,26,1228,0.2687296416938110,0.0020125396702531200,0.025543772737828000,Queens,Arverne/Broad Channel,26.0
175,11694,21354.0,20355.78,1700.0,1522.0,17362.0,42139.0,110469.0,48.5,2.5217288615966000,31.0,719,78,2759,0.2606016672707500,0.003652711435796570,0.03367050669663760,Queens,Belle Harbor-Neponsit/Rockaway Park,47.0
176,11697,3540.0,3536.69,300.0,21.0,3378.0,44786.0,128833.0,49.1,2.593406593406590,0.0,108,3,1165,0.0927038626609442,0.000847457627118644,0.030508474576271200,Queens,Breezy Point,3.0